geo_point_2d;geo_shape;objid;id_entsorg;kategorie;name;beschreibu;adresse;plz;ortschaft;telefon;www_link;oeffnungsz;zustaendig
47.5618708175, 7.58605395747;"{""type"": ""Point"", ""coordinates"": [7.586053957467104, 47.56187081754084]}";1;3037;Brauchbare Dinge;Sirup Design & Secondhand for Kids;Second-Hand-Shop für Kinder;Totentanz 5;4051;Basel;+41 (0) 61 261 33 01;;;Amt für Umwelt und Energie Basel-Stadt
47.5567503493, 7.58720777552;"{""type"": ""Point"", ""coordinates"": [7.587207775520129, 47.55675034927037]}";2;3036;Brauchbare Dinge;Anna K. First- und Secondhand Fashion;Second-Hand-Shop;Rümelinsplatz 15;4001;Basel;+41 (0) 61 261 62 64;;;Amt für Umwelt und Energie Basel-Stadt
47.5673929179, 7.5899154568;"{""type"": ""Point"", ""coordinates"": [7.589915456803557, 47.56739291792938]}";3;3035;Brauchbare Dinge;FETAG GmbH;Second Hand, Räumungen;Oetlingerstrasse / Hinterhof 50;4057;Basel;+41 (0) 61 693 04 90;;;Amt für Umwelt und Energie Basel-Stadt
47.558101845, 7.58606116021;"{""type"": ""Point"", ""coordinates"": [7.586061160206373, 47.55810184501683]}";5;3033;Brauchbare Dinge;Rindlisbacher Gigi;Damenmode, Second-Hand-Shop;Andreasplatz 7;4051;Basel;+41 (0) 61 261 29 04;;;Amt für Umwelt und Energie Basel-Stadt
47.5590472787, 7.58345314896;"{""type"": ""Point"", ""coordinates"": [7.583453148962221, 47.559047278693306]}";14;3024;Brauchbare Dinge;Flohmarkt Petersplatz;Jeweils am Samstag von 07.30 - 16.00 Uhr / Anmeldung obligatorisch;Petersplatz;4051;Basel;+41 (0) 61 267 70 43;http://www.marketing.bs.ch/messen-maerkte/basler-maerkte/flohmaerkte.html;;Amt für Umwelt und Energie Basel-Stadt
47.5547872972, 7.58958619492;"{""type"": ""Point"", ""coordinates"": [7.589586194919508, 47.5547872972223]}";15;3023;Brauchbare Dinge;Flohmarkt Barfüsserplatz;Jeweils am 2. und 4. Mittwoch im Monat, von 07.00 - 19.00 Uhr / Anmeldung obligatorisch;Barfüsserplatz;4051;Basel;+41 (0) 61 267 70 43;http://www.marketing.bs.ch/messen-maerkte/basler-maerkte/flohmaerkte.html;;Amt für Umwelt und Energie Basel-Stadt
47.5636418411, 7.59892483381;"{""type"": ""Point"", ""coordinates"": [7.598924833810678, 47.56364184110471]}";17;3021;Brauchbare Dinge;Graf Seismo;Secondhand Shop / Musikinstrumente / Auswahl an Lederjacken / Bilder;Riehenring 65;4058;Basel;+41 (0) 61 681 89 26;;;Amt für Umwelt und Energie Basel-Stadt
47.5448113367, 7.58961788619;"{""type"": ""Point"", ""coordinates"": [7.589617886187877, 47.54481133668875]}";19;3019;Brauchbare Dinge;Bücher-Brocky;Bücher;Güterstrasse 137;4053;Basel;+41 (0) 61 361 11 10;;;Amt für Umwelt und Energie Basel-Stadt
47.5536594427, 7.60358067408;"{""type"": ""Point"", ""coordinates"": [7.60358067408245, 47.553659442681806]}";20;3018;Brauchbare Dinge;Buchantiquariat Hupfer & Bieri;Antiquariat / Buchhandlung / Secondhand Shop;St. Alban-Berg 2a;4052;Basel;+41 (0) 61 272 33 21;;;Amt für Umwelt und Energie Basel-Stadt
47.5680923602, 7.60124128189;"{""type"": ""Point"", ""coordinates"": [7.601241281885202, 47.56809236022112]}";22;3016;Brauchbare Dinge;Second Hand Knorli;Secondhand Shop / Brockenhaus / Babyartikel und mehr;Schönaustrasse 47;4058;Basel;+41 (0) 61 681 85 07;;;Amt für Umwelt und Energie Basel-Stadt
47.5567363489, 7.57185742331;"{""type"": ""Point"", ""coordinates"": [7.571857423309392, 47.556736348921284]}";25;3013;Brauchbare Dinge;Kleiderbügel;Secondhand Shop;Allschwilerstrasse 50;4055;Basel;+41 (0) 61 301 47 74;;;Amt für Umwelt und Energie Basel-Stadt
47.5687734816, 7.59025842507;"{""type"": ""Point"", ""coordinates"": [7.590258425069846, 47.56877348156528]}";26;3012;Brauchbare Dinge;HIOB International;Secondhand Shop / Brockenhaus;Klybeckstrasse 91;4057;Basel;+41 (0) 61 683 23 60;;;Amt für Umwelt und Energie Basel-Stadt
47.5588197684, 7.59530690738;"{""type"": ""Point"", ""coordinates"": [7.595306907375795, 47.55881976843277]}";34;3004;Brauchbare Dinge;CARITAS beider Basel;Secondhand Shop / Boutique / Brockenhaus;Lindenberg 20;4058;Basel;+41 (0) 61 691 55 55;;;Amt für Umwelt und Energie Basel-Stadt
47.570027148, 7.578478252;"{""type"": ""Point"", ""coordinates"": [7.578478252001079, 47.57002714796464]}";36;3002;Brauchbare Dinge;Art-Johann;Secondhand Shop / Kleiderbörse / Boutique;Elsässerstrasse 75;4056;Basel;+41 (0) 61 556 40 20;;;Amt für Umwelt und Energie Basel-Stadt
47.5665535415, 7.59186667392;"{""type"": ""Point"", ""coordinates"": [7.591866673917391, 47.56655354147566]}";38;3000;Brauchbare Dinge;Anna Brockenhaus;Secondhand Shop / Brockenhaus;Feldbergstrasse 63;4057;Basel;+41 (0) 61 681 55 36;;;Amt für Umwelt und Energie Basel-Stadt
47.5611031916, 7.58640450586;"{""type"": ""Point"", ""coordinates"": [7.586404505855044, 47.5611031916146]}";43;4025;Brillen;Optik Atelier Käser;Tragbare Brillen, gut erhaltene Brillengläser + Brillengestelle ohne Gläser / keine Rücknahmepflicht;Blumenrain 21;4051;Basel;+41 (0) 61 281 17 17;;;Amt für Umwelt und Energie Basel-Stadt
47.534102966, 7.60568157268;"{""type"": ""Point"", ""coordinates"": [7.605681572676275, 47.53410296597361]}";45;4023;Brillen;Eyemetrics Optic Service AG;Tragbare Brillen, gut erhaltene Brillengläser + Brillengestelle ohne Gläser / keine Rücknahmepflicht;Rotterdam-Strasse 21;4053;Basel;+41 (0) 61 338 95 55;;;Amt für Umwelt und Energie Basel-Stadt
47.5556980651, 7.58878632125;"{""type"": ""Point"", ""coordinates"": [7.588786321247637, 47.5556980650804]}";49;4019;Brillen;Visilab Basel;Tragbare Brillen, gut erhaltene Brillengläser + Brillengestelle ohne Gläser / keine Rücknahmepflicht;Gerbergasse 55;4001;Basel;+41 (0) 61 261 33 90;;;Amt für Umwelt und Energie Basel-Stadt
47.5581361863, 7.58705794667;"{""type"": ""Point"", ""coordinates"": [7.587057946668044, 47.5581361863177]}";51;4017;Brillen;Ramstein Optik AG;Tragbare Brillen, gut erhaltene Brillengläser + Brillengestelle ohne Gläser / keine Rücknahmepflicht;Sattelgasse 4;4051;Basel;+41 (0) 61 261 58 88;;;Amt für Umwelt und Energie Basel-Stadt
47.5610917346, 7.57439683188;"{""type"": ""Point"", ""coordinates"": [7.574396831882636, 47.56109173457807]}";55;4013;Brillen;Optik Schneider AG;Tragbare Brillen, gut erhaltene Brillengläser + Brillengestelle ohne Gläser / keine Rücknahmepflicht;Spalenring 15;4055;Basel;+41 (0) 61 381 91 91;;;Amt für Umwelt und Energie Basel-Stadt
47.5450664846, 7.58844436644;"{""type"": ""Point"", ""coordinates"": [7.588444366438812, 47.54506648460866]}";56;4012;Brillen;Handschin Augenoptik;Tragbare Brillen, gut erhaltene Brillengläser + Brillengestelle ohne Gläser / keine Rücknahmepflicht;Güterstrasse 126;4053;Basel;+41 (0) 61 361 22 22;;;Amt für Umwelt und Energie Basel-Stadt
47.5522166201, 7.59390190544;"{""type"": ""Point"", ""coordinates"": [7.593901905439584, 47.5522166200577]}";58;4010;Brillen;Messner Optik GmbH;Tragbare Brillen, gut erhaltene Brillengläser + Brillengestelle ohne Gläser / keine Rücknahmepflicht;Aeschenvorstadt 57;4051;Basel;+41 (0) 61 271 16 86;;;Amt für Umwelt und Energie Basel-Stadt
47.54699134, 7.56562163974;"{""type"": ""Point"", ""coordinates"": [7.565621639738159, 47.546991340028875]}";62;4006;Brillen;Frank Augenoptik GmbH;Tragbare Brillen, gut erhaltene Brillengläser + Brillengestelle ohne Gläser / keine Rücknahmepflicht;Neubadstrasse 147;4054;Basel;+41 (0) 61 302 32 30;;;Amt für Umwelt und Energie Basel-Stadt
47.5524953629, 7.58985338825;"{""type"": ""Point"", ""coordinates"": [7.589853388253125, 47.55249536286017]}";65;4003;Brillen;Beyeler Optik AG;Tragbare Brillen, gut erhaltene Brillengläser + Brillengestelle ohne Gläser / keine Rücknahmepflicht;Theaterstrasse 9;4051;Basel;+41 (0) 61 272 15 15;;;Amt für Umwelt und Energie Basel-Stadt
47.5520786519, 7.59008470706;"{""type"": ""Point"", ""coordinates"": [7.590084707063524, 47.55207865193303]}";68;4000;Brillen;Bader Brillen Optik AG;Tragbare Brillen, gut erhaltene Brillengläser + Brillengestelle ohne Gläser / keine Rücknahmepflicht;Klosterberg 8;4051;Basel;+41 (0) 61 272 05 33;;;Amt für Umwelt und Energie Basel-Stadt
47.5663160765, 7.56534849749;"{""type"": ""Point"", ""coordinates"": [7.565348497487296, 47.56631607654285]}";71;15005;Verkauf Chipkarte Bio Klappe Basel;Burgfelder-Apotheke;Verkauf und Aufladung von Chipkarten für die Bio-Klappen / MO-FR 8-12.15 und 13.30-18.30 / SA 8-13;Burgfelderstrasse 170;4055;Basel;+41 (0) 61 321 29 29;;;Amt für Umwelt und Energie Basel-Stadt
47.5576260704, 7.57247130012;"{""type"": ""Point"", ""coordinates"": [7.5724713001185, 47.557626070368066]}";72;15004;Verkauf Chipkarte Bio Klappe Basel;Ahorn Apotheke;Verkauf und Aufladung von Chipkarten für die Bio-Klappen / MO-FR 8-12.15 und 14-18.30 / SA 8-13;Ahornstrasse 24;4055;Basel;+41 (0) 61 301 48 88;;;Amt für Umwelt und Energie Basel-Stadt
47.5601806197, 7.58676282572;"{""type"": ""Point"", ""coordinates"": [7.586762825721119, 47.56018061967867]}";75;15001;Verkauf Chipkarte Bio Klappe Basel;Kundenzentrum Spiegelhof des JSD;Verkauf und Aufladung von Chipkarten für die Bio-Klappen / MO-FR 9-17.30 Uhr (MI bis 18.30);Spegelgasse 6;4001;Basel;+41 (0) 61 267 71 71;http://www.bdm.bs.ch/?;;Amt für Umwelt und Energie Basel-Stadt
47.5795246408, 7.59064507317;"{""type"": ""Point"", ""coordinates"": [7.59064507317412, 47.579524640837874]}";82;7024;Kleider und Textilien;Kleidereinwurf - Rotes Kreuz;Second-Hand-Shop;Kleinhüningerstrasse 165;4057;Basel;+41 (0) 61 632 02 25;;;Amt für Umwelt und Energie Basel-Stadt
47.5618637395, 7.58605393793;"{""type"": ""Point"", ""coordinates"": [7.586053937931562, 47.56186373951055]}";83;7027;Kleider und Textilien;Sirup Design & Secondhand for Kids;Second-Hand-Shop für Kinder;Totentanz 5;4051;Basel;+41 (0) 61 261 33 01;;;Amt für Umwelt und Energie Basel-Stadt
47.5454528971, 7.58738094654;"{""type"": ""Point"", ""coordinates"": [7.587380946540537, 47.545452897090335]}";85;7025;Kleider und Textilien;Second Floor;Second-Hand-Shop, Fachhandel;Güterstrasse 114;4053;Basel;+41 (0) 61 361 77 22;;;Amt für Umwelt und Energie Basel-Stadt
47.55489892, 7.61274107519;"{""type"": ""Point"", ""coordinates"": [7.612741075188762, 47.55489891995909]}";89;7020;Kleider und Textilien;Kleiderkiste Breit GmbH;Frauen und Kinderkleider;Homburgerstrasse 42;4052;Basel;+41 (0) 61 311 83 11;;;Amt für Umwelt und Energie Basel-Stadt
47.5367218832, 7.60784154578;"{""type"": ""Point"", ""coordinates"": [7.607841545783019, 47.53672188322261]}";92;7017;Kleider und Textilien;Heilsarmee Brocki Basel Dreispitz;Secondhand Shop / Brockenhaus;Leimgrubenweg 9;4053;Basel;+41 (0) 61 331 57 88;http://www.brocki.ch/basel;;Amt für Umwelt und Energie Basel-Stadt
47.5654531372, 7.58874734839;"{""type"": ""Point"", ""coordinates"": [7.588747348389505, 47.5654531372171]}";98;7010;Kleider und Textilien;Heilsarmee Brocki Basel Breisacher;Secondhand Shop, Brockenhaus;Breisacherstrasse 45;4057;Basel;+41 (0) 61 683 80 47;;;Amt für Umwelt und Energie Basel-Stadt
47.5628165795, 7.59599371043;"{""type"": ""Point"", ""coordinates"": [7.595993710433781, 47.56281657953735]}";103;7005;Kleider und Textilien;Clara-Brocki;Secondhand Shop, Brockenhaus;Claramattweg 16;4057;Basel;+41 (0) 61 701 41 41;;;Amt für Umwelt und Energie Basel-Stadt
47.5639310194, 7.59182721744;"{""type"": ""Point"", ""coordinates"": [7.591827217435378, 47.563931019394694]}";105;7003;Kleider und Textilien;Brocanthaus Bollig AG;Secondhand Shop, Brockenhaus;Klybeckstrasse 20;4057;Basel;+41 (0) 61 303 11 80;;;Amt für Umwelt und Energie Basel-Stadt
47.5836298793, 7.59097929971;"{""type"": ""Point"", ""coordinates"": [7.590979299707626, 47.58362987931547]}";110;8020;Kleidercontainer;Remondis Recyclingpark;Diverse Abfälle und Wertstoffe in allen Mengen / Mo-Fr 14-16:30, Sa 8-15:00;Bonergasse 12;4057;Basel;+41 (0) 61 639 34 30;;;Amt für Umwelt und Energie Basel-Stadt
47.5624462244, 7.55156792481;"{""type"": ""Point"", ""coordinates"": [7.551567924812592, 47.562446224377496]}";111;8021;Kleidercontainer;VEOLIA Umweltservice;Diverse Abfälle und Wertstoffe in allen Mengen / Mo-Fr 7-11:45 und 13-16:45, Sa 8-12:30;Kiesstrasse 24-26;4123;Allschwil;+41 (0) 61 487 21 00;;;Amt für Umwelt und Energie Basel-Stadt
47.5637791492, 7.56136033257;"{""type"": ""Point"", ""coordinates"": [7.561360332574226, 47.56377914924262]}";114;8007;Kleidercontainer;Kleidercontainer - Texaid / Contex;Gut erhaltene und saubere Kleider, Heimtextilien, Wäsche, Gürtel, Taschen, Hüte und tragbare Schuhe;Felsplattenstrasse 11;4055;Basel;;http://www.textilkoordination.ch;;Amt für Umwelt und Energie Basel-Stadt
47.5769085299, 7.59127676611;"{""type"": ""Point"", ""coordinates"": [7.591276766114233, 47.57690852991349]}";115;8026;Kleidercontainer;Kleidercontainer - COOP - Telltex;Gut erhaltene und saubere Kleider, Heimtextilien, Wäsche, Gürtel, Taschen, Hüte und tragbare Schuhe;Inselstrasse 76;4057;Basel;;http://www.textilkoordination.ch;;Amt für Umwelt und Energie Basel-Stadt
47.577344434, 7.5922977001;"{""type"": ""Point"", ""coordinates"": [7.592297700099865, 47.57734443396876]}";116;8018;Kleidercontainer;Kleidercontainer - BVB - Texaid;Gut erhaltene und saubere Kleider, Heimtextilien, Wäsche, Gürtel, Taschen, Hüte und tragbare Schuhe;Wiesenstrasse 15;4057;Basel;;http://www.textilkoordination.ch;;Amt für Umwelt und Energie Basel-Stadt
47.546899461, 7.56819713229;"{""type"": ""Point"", ""coordinates"": [7.568197132293953, 47.54689946099677]}";117;8011;Kleidercontainer;Kleidercontainer - Texaid / Contex;Gut erhaltene und saubere Kleider, Heimtextilien, Wäsche, Gürtel, Taschen, Hüte und tragbare Schuhe;Laupenring 15;4054;Basel;;http://www.textilkoordination.ch;;Amt für Umwelt und Energie Basel-Stadt
47.5335805718, 7.5876855897;"{""type"": ""Point"", ""coordinates"": [7.587685589696601, 47.53358057181175]}";118;8005;Kleidercontainer;Kleidercontainer - Texaid;Gut erhaltene und saubere Kleider, Heimtextilien, Wäsche, Gürtel, Taschen, Hüte und tragbare Schuhe;Bruderholzallee  (Tramhaltstelle) 55;4059;Basel;;http://www.textilkoordination.ch;;Amt für Umwelt und Energie Basel-Stadt
47.5698229075, 7.61555535334;"{""type"": ""Point"", ""coordinates"": [7.615555353344551, 47.56982290753675]}";126;8028;Kleidercontainer;Kleidercontainer - Migros - TellTex;Gut erhaltene und saubere Kleider, Heimtextilien, Wäsche, Gürtel, Taschen, Hüte und tragbare Schuhe;Riehenstrasse 315;4058;Basel;;http://www.textilkoordination.ch;;Amt für Umwelt und Energie Basel-Stadt
47.5654526929, 7.58875017753;"{""type"": ""Point"", ""coordinates"": [7.588750177531502, 47.565452692882516]}";133;8036;Kleidercontainer;Kleidercontainer im Laden / Heilsarmee Brocki Basel Breisacher;Gut erhaltene und saubere Kleider, Heimtextilien, Wäsche, Gürtel, Taschen, Hüte und tragbare Schuhe;Breisacherstrasse 45;4057;Basel;+41 (0) 61 683 80 4;http://www.textilkoordination.ch;;Amt für Umwelt und Energie Basel-Stadt
47.5700618344, 7.57289934522;"{""type"": ""Point"", ""coordinates"": [7.572899345223321, 47.57006183443461]}";134;8017;Kleidercontainer;Kleidercontainer - SBB - Texaid;Gut erhaltene und saubere Kleider, Heimtextilien, Wäsche, Gürtel, Taschen, Hüte und tragbare Schuhe;Vogesenplatz Keine;4056;Basel;;http://www.textilkoordination.ch;;Amt für Umwelt und Energie Basel-Stadt
47.5687886913, 7.57417189544;"{""type"": ""Point"", ""coordinates"": [7.57417189544404, 47.568788691327796]}";135;8008;Kleidercontainer;Kleidercontainer - TellTex;Gut erhaltene und saubere Kleider, Heimtextilien, Wäsche, Gürtel, Taschen, Hüte und tragbare Schuhe;Entenweidstrasse (Innenhof rechts) 74;4056;Basel;;http://www.textilkoordination.ch;;Amt für Umwelt und Energie Basel-Stadt
47.5925563335, 7.65584428304;"{""type"": ""Point"", ""coordinates"": [7.655844283042023, 47.59255633353373]}";141;8037;Kleidercontainer;Kleidercontainer - Gemeinde - TellTex;Gut erhaltene und saubere Kleider, Heimtextilien, Wäsche, Gürtel, Taschen, Hüte und tragbare Schuhe;Haselrain 65;4125;Riehen;;http://www.textilkoordination.ch;;Gemeinde Riehen
47.5536586086, 7.5714579443;"{""type"": ""Point"", ""coordinates"": [7.5714579443015, 47.553658608627096]}";143;9012;Korkzapfen;CAVA HISPANIA;Korkzapfen von Flaschen;Sennheimerstrasse 16;4054;Basel;+41 (0) 61 302 46 02;http://www.korken.ch;;Amt für Umwelt und Energie Basel-Stadt
47.5577902028, 7.58684174719;"{""type"": ""Point"", ""coordinates"": [7.586841747190196, 47.55779020280844]}";148;9007;Korkzapfen;Paul Ullrich AG;Korkzapfen von Flaschen;Schneidergasse 27;4051;Basel;+41 (0) 61 338 90 90;http://www.korken.ch;;Amt für Umwelt und Energie Basel-Stadt
47.5336698648, 7.60903570446;"{""type"": ""Point"", ""coordinates"": [7.609035704459404, 47.53366986482937]}";150;9005;Korkzapfen;Almas Vinos Vinothek für Spanische Weine;Korkzapfen von Flaschen;Florenz-Strasse 7;4142;Münchenstein;+41 (0) 61 332 00 86;http://www.korken.ch;;Amt für Umwelt und Energie Basel-Stadt
47.5618884867, 7.5897790156;"{""type"": ""Point"", ""coordinates"": [7.589779015602546, 47.56188848665331]}";157;10000;Munition und Waffen;Fachstelle für Waffen der Basler Polizei;Munition, Waffen, Sprengstoff und Feuerwerk / Mo-Fr 7:30-16:00, Mi bis 18:00;Unterer Rheinweg 24;4058;Basel;+41 (0) 61 267 72 74;http://www.polizei.bs.ch/was-tun/bewilligung-einholen/waffen-sprengstoff.html;;Amt für Umwelt und Energie Basel-Stadt
47.5667734661, 7.57658779799;"{""type"": ""Point"", ""coordinates"": [7.576587797992419, 47.56677346612286]}";159;11015;Pneus;Giangreco;Autoreifen mit und ohne Felgen / Kostenpflichtig / keine Rücknahmepflicht;Mülhauserstrasse 113;4056;Basel;+41 (0) 61 383 17 70;;;Amt für Umwelt und Energie Basel-Stadt
47.5677607349, 7.5991007212;"{""type"": ""Point"", ""coordinates"": [7.599100721200603, 47.56776073487204]}";166;11008;Pneus;Grosspeter AG;Autoreifen mit und ohne Felgen / Kostenpflichtig / keine Rücknahmepflicht;Schönaustrasse 25;4058;Basel;+41 (0) 61 690 93 40;;;Amt für Umwelt und Energie Basel-Stadt
47.5836304352, 7.59094622887;"{""type"": ""Point"", ""coordinates"": [7.590946228869185, 47.58363043515478]}";171;11003;Pneus;Remondis Recyclingpark;Diverse Abfälle und Wertstoffe in allen Mengen / Mo-Fr 14-16:30, Sa 8-15:00 / Pneus kostenpflichtig;Bonergasse 12;4057;Basel;+41 (0) 61 639 34 30;http://www.remondis.ch/index.php?id=138;;Amt für Umwelt und Energie Basel-Stadt
47.576987676, 7.5697907342;"{""type"": ""Point"", ""coordinates"": [7.569790734200395, 47.576987675974145]}";172;11002;Pneus;Lottner Recyclingpark;Diverse Abfälle und Wertstoffe in allen Mengen / Mo-Fr 6:30-11:45 und 12:45-16:15, Sa 8-14:45;Schlachthofstrasse 18;4056;Basel;+41 (0) 61 386 96 66;http://www.lottner.ch;;Amt für Umwelt und Energie Basel-Stadt
47.5683052333, 7.63739515927;"{""type"": ""Point"", ""coordinates"": [7.637395159266808, 47.56830523326499]}";175;12000;Recyclingpark;Mobiler Recyclingpark Otto Wenk-Platz;Diverse Abfälle und Wertstoffe in definierten Mengen, siehe Abfuhrplan;Otto Wenk-Platz;4125;Riehen;+41 (0) 61 645 60 60;http://www.riehen.ch/natur-und-umwelt/abfall-und-entsorgung/mobiler-recyclingpark-riehen;"Sa ** 9:30-13:00 Uhr; ** letzter Samstag im Januar, März, Mai, Juli, September, November";Gemeinde Riehen
47.5924957618, 7.65574283434;"{""type"": ""Point"", ""coordinates"": [7.655742834338565, 47.59249576179314]}";176;12005;Recyclingpark;Werkhof;Diverse Abfälle und Wertstoffe in definierten Mengen, siehe Abfuhrplan;Haselrain 65;4125;Riehen;+41 (0) 61 645 60 60;http://www.riehen.ch/leben-und-wohnen/abfall-und-entsorgung/recyclingparks-riehen;"Mo-Fr 8:00-12:00 Uhr und 14:00-16:30 Uhr; Sa ** 9:00-13:00 Uhr; ** letzter Samstag im Februar, April, Juni, August, Oktober, Dezember";Gemeinde Riehen
47.5443767341, 7.59070795811;"{""type"": ""Point"", ""coordinates"": [7.590707958112911, 47.54437673407878]}";184;1018;Annahmestelle Sonderabfall;Amavita Apotheke Gundeli;Jegliche Art Sondeabfall (Medikamente, Batterien, Chemikalien, Farben usw.) / in Haushaltsmengen;Solothurnerstrasse 39;4053;Basel;+41 (0) 58 878 30 00;;;Tiefbauamt Basel-Stadt
47.5518867713, 7.58893766936;"{""type"": ""Point"", ""coordinates"": [7.588937669357743, 47.55188677126293]}";185;1019;Annahmestelle Sonderabfall;Tschopp Creativ-Center AG;Jegliche Art Sondeabfall (Medikamente, Batterien, Chemikalien, Farben usw.) / in Haushaltsmengen;Steinentorstrasse 18;4051;Basel;+41 (0) 61 281 80 80;http://www.tschopp-creativcenter.ch/;Mo-Fr: 09:00-18:30, Sa: 09:00-16:00;Tiefbauamt Basel-Stadt
47.5524630092, 7.56782044713;"{""type"": ""Point"", ""coordinates"": [7.56782044713417, 47.552463009193474]}";186;1026;Annahmestelle Sonderabfall;St. Gallus-Apotheke;Jegliche Art Sondeabfall (Medikamente, Batterien, Chemikalien, Farben usw.) / in Haushaltsmengen;St. Galler-Ring 177;4054;Basel;+41 (0) 61 301 44 50;https://www.stgallus-apotheke.ch/;Mo-Fr: 07:45-12:15 / 13:30-18:30, Sa: 08:00-12:00;Tiefbauamt Basel-Stadt
47.5595349516, 7.59793895695;"{""type"": ""Point"", ""coordinates"": [7.597938956946498, 47.55953495160444]}";189;1028;Annahmestelle Sonderabfall;Wettstein-Apotheke;Jegliche Art Sondeabfall (Medikamente, Batterien, Chemikalien, Farben usw.) / in Haushaltsmengen;Wettsteinplatz 3;4058;Basel;+41 (0) 61 691 20 77;;Mo-Fr: 08:00-12:15 / 13:45-18:30, Sa: 08:00-12:15;Tiefbauamt Basel-Stadt
47.5425442397, 7.59573983285;"{""type"": ""Point"", ""coordinates"": [7.595739832852908, 47.542544239709486]}";190;1027;Annahmestelle Sonderabfall;Tell-Apotheke;Jegliche Art Sondeabfall (Medikamente, Batterien, Chemikalien, Farben usw.) / in Haushaltsmengen;Güterstrasse 223;4053;Basel;+41 (0) 61 361 78 78;;Mo-Fr: 08:00-12:15 / 13:45-18:30, Sa: 08:00-12:15;Tiefbauamt Basel-Stadt
47.5630010186, 7.59806775894;"{""type"": ""Point"", ""coordinates"": [7.59806775893516, 47.56300101857026]}";191;1008;Annahmestelle Sonderabfall;Lachenmeier Farben;Jegliche Art Sondeabfall (Medikamente, Batterien, Chemikalien, Farben usw.) / in Haushaltsmengen;Clarastrasse 46;4058;Basel;+41 (0) 61 681 00 36;http://www.lachenmeierfarben.ch/;Mo-Fr: 08:00-12:30 / 13:30-18:30, Sa: 09:00-16:00;Tiefbauamt Basel-Stadt
47.576987676, 7.5697907342;"{""type"": ""Point"", ""coordinates"": [7.569790734200395, 47.576987675974145]}";200;1012;Annahmestelle Sonderabfall;Lottner Recyclingpark;Diverse Abfälle und Wertstoffe  in definierten Mengen, siehe Abfuhrplan;Schlachthofstrasse 18;4056;Basel;+41 (0) 61 386 96 66;http://www.lottner.ch/index.php/de/;Mo-Fr 6:30-11:45 und 12:45-16:45, Sa 8-14:45;Tiefbauamt Basel-Stadt
47.5663205072, 7.56532664852;"{""type"": ""Point"", ""coordinates"": [7.565326648518904, 47.56632050717291]}";204;1023;Annahmestelle Sonderabfall;Burgfelder-Apotheke;Jegliche Art Sondeabfall (Medikamente, Batterien, Chemikalien, Farben usw.) / in Haushaltsmengen;Burgfelderstrasse 170;4055;Basel;+41 (0) 61 321 29 29;http://www.burgfelderapotheke.ch/;Mo-Fr: 08:00-12:15 / 13:30-18:30, Sa: 08:00-13:00;Tiefbauamt Basel-Stadt
47.5657986063, 7.61926733448;"{""type"": ""Point"", ""coordinates"": [7.619267334477168, 47.565798606335846]}";208;16001;Verkauf Vignette Basel;Bäumlihofladen GmbH;Verkauf von Sperrgut- und Grüngutvignetten für Basel;Bäumlihofstrasse 148;4058;Basel;+41 (0) 61 601 30 20;;;Amt für Umwelt und Energie Basel-Stadt
47.5475602214, 7.62199655377;"{""type"": ""Point"", ""coordinates"": [7.621996553769988, 47.547560221407345]}";209;16002;Verkauf Vignette Basel;Spar Supermarkt Birs-Ykauf GmbH;Verkauf von Sperrgut- und Grüngutvignetten für Basel;Birsstrasse 200;4052;Basel;+41 (0) 61 312 56 40;;;Amt für Umwelt und Energie Basel-Stadt
47.5621541084, 7.57312333003;"{""type"": ""Point"", ""coordinates"": [7.573123330026608, 47.562154108362385]}";210;16003;Verkauf Vignette Basel;Impuls Drogerie Hildebrand;Verkauf von Sperrgut- und Grüngutvignetten für Basel;Burgfelderstrasse 9;4055;Basel;+41 (0) 61 321 23 73;;;Amt für Umwelt und Energie Basel-Stadt
47.5554067653, 7.58894106468;"{""type"": ""Point"", ""coordinates"": [7.58894106468032, 47.555406765323255]}";212;16005;Verkauf Vignette Basel;Drogerie zum Chrüterhüsli AG;Verkauf von Sperrgut- und Grüngutvignetten für Basel;Gerbergasse 69;4001;Basel;+41 (0) 61 269 91 20;;;Amt für Umwelt und Energie Basel-Stadt
47.5819757679, 7.59371450675;"{""type"": ""Point"", ""coordinates"": [7.593714506754522, 47.58197576792357]}";218;16011;Verkauf Vignette Basel;Rhein Apotheke;Verkauf von Sperrgut- und Grüngutvignetten für Basel;Kleinhüningeranlage 10;4057;Basel;+41 (0) 61 631 23 23;http://www.rhein-apotheke.ch;;Amt für Umwelt und Energie Basel-Stadt
47.5524593916, 7.5678547933;"{""type"": ""Point"", ""coordinates"": [7.567854793304285, 47.552459391647965]}";222;16015;Verkauf Vignette Basel;St. Gallus-Apotheke;Verkauf von Sperrgut- und Grüngutvignetten für Basel;St. Galler-Ring 177;4054;Basel;+41 (0) 61 301 44 50;;;Amt für Umwelt und Energie Basel-Stadt
47.5661329719, 7.59079331964;"{""type"": ""Point"", ""coordinates"": [7.590793319642787, 47.56613297193417]}";225;16018;Verkauf Vignette Basel;K Kiosk;Verkauf von Sperrgut- und Grüngutvignetten für Basel;Feldbergstrasse 50;4057;Basel;+41 (0) 61 681 00 32;;;Amt für Umwelt und Energie Basel-Stadt
47.5511681488, 7.58044939071;"{""type"": ""Point"", ""coordinates"": [7.580449390714461, 47.55116814884334]}";228;16021;Verkauf Vignette Basel;Coop BACHLETTEN;Verkauf von Sperrgut- und Grüngutvignetten für Basel;Steinenring 45;4051;Basel;+41 (0) 61 270 91 30;;;Amt für Umwelt und Energie Basel-Stadt
47.5452080174, 7.58869772768;"{""type"": ""Point"", ""coordinates"": [7.588697727681452, 47.54520801737531]}";229;16022;Verkauf Vignette Basel;Coop BASEL SÜDPARK;Verkauf von Sperrgut- und Grüngutvignetten für Basel;Güterstrasse 125;4053;Basel;+41 (0) 61 365 95 20;;;Amt für Umwelt und Energie Basel-Stadt
47.5651363334, 7.61789558841;"{""type"": ""Point"", ""coordinates"": [7.617895588407255, 47.56513633344675]}";230;16023;Verkauf Vignette Basel;Coop BÄUMLIHOF;Verkauf von Sperrgut- und Grüngutvignetten für Basel;Bäumlihofstrasse 132;4058;Basel;+41 (0) 61 606 96 00;;;Amt für Umwelt und Energie Basel-Stadt
47.5630658594, 7.59753066742;"{""type"": ""Point"", ""coordinates"": [7.597530667424985, 47.56306585937009]}";233;16026;Verkauf Vignette Basel;Coop EUROPE / Kiosk;Verkauf von Sperrgut- und Grüngutvignetten für Basel;Clarastrasse 41;4058;Basel;+41 (0) 61 686 75 00;;;Amt für Umwelt und Energie Basel-Stadt
47.5495745198, 7.60667328692;"{""type"": ""Point"", ""coordinates"": [7.606673286916446, 47.54957451977195]}";235;16028;Verkauf Vignette Basel;Coop HARDSTRASSE;Verkauf von Sperrgut- und Grüngutvignetten für Basel;Hardstrasse 95;4052;Basel;+41 (0) 61 373 23 10;;;Amt für Umwelt und Energie Basel-Stadt
47.534232958, 7.59321880538;"{""type"": ""Point"", ""coordinates"": [7.593218805377004, 47.5342329579536]}";236;16029;Verkauf Vignette Basel;Coop HAUENSTEIN;Verkauf von Sperrgut- und Grüngutvignetten für Basel;Hauensteinstrasse 88;4059;Basel;+41 (0) 61 361 95 45;;;Amt für Umwelt und Energie Basel-Stadt
47.5601310744, 7.56732293983;"{""type"": ""Point"", ""coordinates"": [7.567322939825629, 47.560131074352384]}";237;16030;Verkauf Vignette Basel;Coop HELVETIAPLATZ;Verkauf von Sperrgut- und Grüngutvignetten für Basel;Obwaldnerstrasse 4;4055;Basel;+41 (0) 61 385 93 70;;;Amt für Umwelt und Energie Basel-Stadt
47.5607733209, 7.57552813238;"{""type"": ""Point"", ""coordinates"": [7.575528132376302, 47.560773320870965]}";241;16034;Verkauf Vignette Basel;Coop SPALEMÄRT;Verkauf von Sperrgut- und Grüngutvignetten für Basel;Missionsstrasse 53;4055;Basel;+41 (0) 61 385 94 45;;;Amt für Umwelt und Energie Basel-Stadt
47.5706503941, 7.57335630894;"{""type"": ""Point"", ""coordinates"": [7.5733563089426, 47.57065039414927]}";242;16035;Verkauf Vignette Basel;Coop VOLTA ZENTRUM;Verkauf von Sperrgut- und Grüngutvignetten für Basel;Vogesenplatz 10;4056;Basel;+41 (0) 61 327 93 40;;;Amt für Umwelt und Energie Basel-Stadt
47.5572522983, 7.5705700179;"{""type"": ""Point"", ""coordinates"": [7.570570017903789, 47.55725229831485]}";244;16037;Verkauf Vignette Basel;K Kiosk Wartehalle BVB;Verkauf von Sperrgut- und Grüngutvignetten für Basel;Allschwilerplatz 13;4055;Basel;+41 (0) 61 302 09 25;;;Amt für Umwelt und Energie Basel-Stadt
47.5688906933, 7.56944794059;"{""type"": ""Point"", ""coordinates"": [7.569447940590567, 47.568890693305576]}";246;16039;Verkauf Vignette Basel;K Kiosk LUZERNERRING;Verkauf von Sperrgut- und Grüngutvignetten für Basel;Flughafenstrasse 67;4056;Basel;;;;Amt für Umwelt und Energie Basel-Stadt
47.5468412641, 7.56489790088;"{""type"": ""Point"", ""coordinates"": [7.564897900883931, 47.5468412641425]}";247;16040;Verkauf Vignette Basel;K Kiosk NEUBAD;Verkauf von Sperrgut- und Grüngutvignetten für Basel;Neuweilerplatz 4;4054;Basel;;;;Amt für Umwelt und Energie Basel-Stadt
47.5476694451, 7.58927272239;"{""type"": ""Point"", ""coordinates"": [7.589272722393646, 47.54766944514623]}";249;16042;Verkauf Vignette Basel;Migros BASEL BAHNHOF;Verkauf von Sperrgut- und Grüngutvignetten für Basel;Centralbahnstrasse 10;4051;Basel;+41 (0) 58 575 84 00;;;Amt für Umwelt und Energie Basel-Stadt
47.5616993952, 7.59239770924;"{""type"": ""Point"", ""coordinates"": [7.592397709241088, 47.56169939519078]}";251;16044;Verkauf Vignette Basel;Migros BASEL CLARAMARKT;Verkauf von Sperrgut- und Grüngutvignetten für Basel;Ochsengasse 2;4058;Basel;+41 (0) 58 575 85 00;;;Amt für Umwelt und Energie Basel-Stadt
47.5692630026, 7.59644902318;"{""type"": ""Point"", ""coordinates"": [7.596449023178751, 47.569263002626435]}";253;16046;Verkauf Vignette Basel;Migros BASEL EFRINGER;Verkauf von Sperrgut- und Grüngutvignetten für Basel;Efringerstrasse 32;4057;Basel;+41 (0) 58 575 86 40;;;Amt für Umwelt und Energie Basel-Stadt
47.5698613808, 7.61551505479;"{""type"": ""Point"", ""coordinates"": [7.6155150547859, 47.56986138082456]}";254;16047;Verkauf Vignette Basel;Migros BASEL EGLISEE;Verkauf von Sperrgut- und Grüngutvignetten für Basel;Riehenstrasse 315;4058;Basel;+41 (0) 58 575 75 00;;;Amt für Umwelt und Energie Basel-Stadt
47.5435848694, 7.59212677191;"{""type"": ""Point"", ""coordinates"": [7.592126771913945, 47.54358486942928]}";255;16048;Verkauf Vignette Basel;Migros BASEL GUNDELITOR;Verkauf von Sperrgut- und Grüngutvignetten für Basel;Güterstrasse 180;4053;Basel;+41 (0) 61 575 81 00;;;Amt für Umwelt und Energie Basel-Stadt
47.5395172237, 7.60407634683;"{""type"": ""Point"", ""coordinates"": [7.604076346834209, 47.539517223719585]}";257;16050;Verkauf Vignette Basel;Migros BASEL MPARC DREISPITZ;Verkauf von Sperrgut- und Grüngutvignetten für Basel;Münchensteinerstrasse 200;4053;Basel;+41 (0) 58 575 73 00;;;Amt für Umwelt und Energie Basel-Stadt
47.5801313198, 7.59611799898;"{""type"": ""Point"", ""coordinates"": [7.59611799898433, 47.580131319796095]}";260;16053;Verkauf Vignette Basel;Migros BASEL STÜCKI SHOPPING;Verkauf von Sperrgut- und Grüngutvignetten für Basel;Hochbergerstrasse 70;4057;Basel;+41 (0) 58 575 89 50;;;Amt für Umwelt und Energie Basel-Stadt
47.5612396766, 7.56479348765;"{""type"": ""Point"", ""coordinates"": [7.564793487646154, 47.56123967661597]}";262;16055;Verkauf Vignette Basel;Migros Partner WASGENRING;Verkauf von Sperrgut- und Grüngutvignetten für Basel;Blotzheimerstrasse 61;4055;Basel;+41 (0) 58 575 87 90;;;Amt für Umwelt und Energie Basel-Stadt
47.5852599003, 7.65168643555;"{""type"": ""Point"", ""coordinates"": [7.651686435548939, 47.58525990032653]}";272;17006;Verkauf Vignette Riehen und Bettingen;Migro MM, Riehen Dorf;Verkauf von Kehricht-, Container- und Speergutmarken für Riehen und Bettingen;Webergässchen 8;4125;Riehen;;https://www.migros.ch/de.html;;Gemeinde Riehen
47.5855581713, 7.65034273363;"{""type"": ""Point"", ""coordinates"": [7.650342733628151, 47.58555817128944]}";273;17010;Verkauf Vignette Riehen und Bettingen;Denner, Filiale Riehen;Verkauf von Kehricht-, Container- und Speergutmarken für Riehen und Bettingen;Baselstrasse 58;4125;Riehen;;https://www.denner.ch/de/;;Gemeinde Riehen
47.5714515213, 7.63121857506;"{""type"": ""Point"", ""coordinates"": [7.631218575064956, 47.571451521320796]}";277;17012;Verkauf Vignette Riehen und Bettingen;Kiosk Kreis, Yildiz;Verkauf von Kehricht-, Container- und Speergutmarken für Riehen und Bettingen;Rauracherstrasse 24;4125;Riehen;;;;Gemeinde Riehen
47.5699059297, 7.61564917239;"{""type"": ""Point"", ""coordinates"": [7.615649172388935, 47.56990592971241]}";278;17011;Verkauf Vignette Riehen und Bettingen;Migros M, Filiale Basel Eglisee;Verkauf von Kehricht-, Container- und Speergutmarken für Riehen und Bettingen;Riehenstrasse 315;4058;Basel;;https://www.migros.ch/de.html;;Gemeinde Riehen
47.558202307, 7.5867053365;"{""type"": ""Point"", ""coordinates"": [7.586705336498287, 47.55820230695007]}";4;3034;Brauchbare Dinge;Antiquariat Gerber AG;Antiquariat, Buchhandlung, Kunsthandel, Second-Hand-Shop;Schneidergasse 18;4051;Basel;+41 (0) 61 261 17 73;;;Amt für Umwelt und Energie Basel-Stadt
47.5311658977, 7.60693897143;"{""type"": ""Point"", ""coordinates"": [7.606938971430371, 47.531165897698564]}";6;3032;Brauchbare Dinge;OFFCUT;Secondhand Gebrauchtmaterialien, Überschüsse, Produktionsabfälle und Resten;Venedig-Strasse 30;4142;Münchenstein;+41 (0) 61 331 06 36;;;Amt für Umwelt und Energie Basel-Stadt
47.5484979048, 7.60879683627;"{""type"": ""Point"", ""coordinates"": [7.608796836268488, 47.5484979047754]}";8;3030;Brauchbare Dinge;Fotohaus Gellert;Foto-, Digital- und Filmfachgeschäft / Second-Hand-Shop;Hardstrasse 135;4052;Basel;+41 (0) 61 373 30 65;;;Amt für Umwelt und Energie Basel-Stadt
47.5679212634, 7.59354362426;"{""type"": ""Point"", ""coordinates"": [7.593543624258476, 47.56792126338546]}";9;3029;Brauchbare Dinge;Thomi Albert;Antiquariat / Buchhandlung / Secondhand Shop;Mörsbergerstrasse 48;4057;Basel;+41 (0) 61 692 69 25;;;Amt für Umwelt und Energie Basel-Stadt
47.5795247944, 7.59064456852;"{""type"": ""Point"", ""coordinates"": [7.590644568524991, 47.57952479438797]}";10;3028;Brauchbare Dinge;ROTKREUZLADEN Kleinhüningen;Second-Hand-Shop;Kleinhüningerstrasse 167;4057;Basel;+41 (0) 61 632 02 25;;;Amt für Umwelt und Energie Basel-Stadt
47.5454520996, 7.58738569971;"{""type"": ""Point"", ""coordinates"": [7.587385699710528, 47.545452099571804]}";11;3027;Brauchbare Dinge;Second Floor;Second-Hand-Shop, Fachhandel;Güterstrasse 114;4053;Basel;+41 (0) 61 361 77 22;;;Amt für Umwelt und Energie Basel-Stadt
47.5567441051, 7.58206804073;"{""type"": ""Point"", ""coordinates"": [7.582068040729276, 47.55674410506219]}";12;3026;Brauchbare Dinge;Schlöhlein GmbH;Musikhaus Musikinstrumente, Buchhandlung, Second-Hand-Shop, Antiquariat;Schützenmattstrasse 15;4051;Basel;+41 (0) 61 261 43 17;;;Amt für Umwelt und Energie Basel-Stadt
47.5588225895, 7.6003386037;"{""type"": ""Point"", ""coordinates"": [7.600338603696995, 47.5588225894654]}";13;3025;Brauchbare Dinge;Tischlein deck dich;Partyservice, Soziale Dienste, Second-Hand-Shop;Grenzacherstrasse 28;4058;Basel;+41 (0) 61 691 19 55;;;Amt für Umwelt und Energie Basel-Stadt
47.5626714536, 7.59353239298;"{""type"": ""Point"", ""coordinates"": [7.593532392977044, 47.56267145358123]}";18;3020;Brauchbare Dinge;Glubos Brockenbude Verein Kreislauf;Brockenhaus / Entsorgung Recycling / Räumungen;Rappoltshof 12;4057;Basel;+41 (0) 61 681 81 04;;;Amt für Umwelt und Energie Basel-Stadt
47.5437304784, 7.59463241646;"{""type"": ""Point"", ""coordinates"": [7.594632416464822, 47.54373047836899]}";24;3014;Brauchbare Dinge;Rotes Kreuz;Secondhand Shop / Kleider und Bücher;Bruderholzstrasse 20;4053;Basel;+41 (0) 61 319 56 70;;;Amt für Umwelt und Energie Basel-Stadt
47.5367584375, 7.60790105446;"{""type"": ""Point"", ""coordinates"": [7.607901054460524, 47.53675843747376]}";27;3011;Brauchbare Dinge;Heilsarmee Brocki Basel Dreispitz;Secondhand Shop / Brockenhaus;Leimgrubenweg 9;4053;Basel;+41 (0) 61 331 57 88;;;Amt für Umwelt und Energie Basel-Stadt
47.5560248307, 7.58958304959;"{""type"": ""Point"", ""coordinates"": [7.589583049593629, 47.55602483069222]}";30;3008;Brauchbare Dinge;Fizzen;Secondhand Shop;Pfluggässlein 1;4001;Basel;+41 (0) 61 281 02 03;;;Amt für Umwelt und Energie Basel-Stadt
47.5559543221, 7.58824895173;"{""type"": ""Point"", ""coordinates"": [7.588248951734111, 47.555954322113124]}";31;3007;Brauchbare Dinge;First und Secondhand Excllusiv Boutique;Secondhand Shop;Gerbergässlein 26;4051;Basel;+41 (0) 61 261 60 44;;;Amt für Umwelt und Energie Basel-Stadt
47.5666722128, 7.60126483473;"{""type"": ""Point"", ""coordinates"": [7.601264834727376, 47.56667221278823]}";32;3006;Brauchbare Dinge;Fasnachtskischte Jap's;Secondhand Shop;Mattenstrasse 39;4058;Basel;+41 (0) 61 691 90 29;;;Amt für Umwelt und Energie Basel-Stadt
47.5628165795, 7.59599371043;"{""type"": ""Point"", ""coordinates"": [7.595993710433781, 47.56281657953735]}";33;3005;Brauchbare Dinge;Clara-Brocki;Secondhand Shop / Brockenhaus;Claramattweg 16;4057;Basel;+41 (0) 61 701 41 41;;;Amt für Umwelt und Energie Basel-Stadt
47.5408924153, 7.59527837634;"{""type"": ""Point"", ""coordinates"": [7.595278376336206, 47.54089241530055]}";37;3001;Brauchbare Dinge;Anna-Bella;Secondhand Shop / Second-Hand Kleider;J. J. Balmer-Strasse 1;4053;Basel;+41 (0) 61 312 19 82;;;Amt für Umwelt und Energie Basel-Stadt
47.5663841458, 7.59232385546;"{""type"": ""Point"", ""coordinates"": [7.592323855463541, 47.56638414576114]}";39;4029;Brillen;VIU Eyewear;Tragbare Brillen, gut erhaltene Brillengläser + Brillengestelle ohne Gläser / keine Rücknahmepflicht;Feldbergstrasse 70;4057;Basel;+41 (0) 61 508 51 67;;;Amt für Umwelt und Energie Basel-Stadt
47.5326580955, 7.59392312255;"{""type"": ""Point"", ""coordinates"": [7.593923122545593, 47.53265809550777]}";41;4027;Brillen;Bruderholz Optik Dr. Fischer;Tragbare Brillen, gut erhaltene Brillengläser + Brillengestelle ohne Gläser / keine Rücknahmepflicht;Bruderholzallee 165;4059;Basel;+41 (0) 61 361 00 93;;;Amt für Umwelt und Energie Basel-Stadt
47.5344523316, 7.60672438547;"{""type"": ""Point"", ""coordinates"": [7.606724385473521, 47.534452331646136]}";44;4024;Brillen;Optiswiss AG;Tragbare Brillen, gut erhaltene Brillengläser + Brillengestelle ohne Gläser / keine Rücknahmepflicht;Lyon-Strasse 26;4053;Basel;+41 (0) 61 337 15 15;;;Amt für Umwelt und Energie Basel-Stadt
47.5556937232, 7.59038191763;"{""type"": ""Point"", ""coordinates"": [7.590381917631732, 47.555693723168716]}";48;4020;Brillen;VISILAB Frei Strasse;Tragbare Brillen, gut erhaltene Brillengläser + Brillengestelle ohne Gläser / keine Rücknahmepflicht;Freie Strasse 54;4001;Basel;+41 (0) 61 264 20 20;;;Amt für Umwelt und Energie Basel-Stadt
47.5517446873, 7.5875157839;"{""type"": ""Point"", ""coordinates"": [7.587515783901264, 47.5517446872651]}";52;4016;Brillen;Pro-optik AG;Tragbare Brillen, gut erhaltene Brillengläser + Brillengestelle ohne Gläser / keine Rücknahmepflicht;Steinenvorstadt 62;4051;Basel;+41 (0) 61 281 81 45;;;Amt für Umwelt und Energie Basel-Stadt
47.5629789794, 7.59221114208;"{""type"": ""Point"", ""coordinates"": [7.592211142082775, 47.562978979352316]}";57;4011;Brillen;Optiker Reiniger GmbH;Tragbare Brillen, gut erhaltene Brillengläser + Brillengestelle ohne Gläser / keine Rücknahmepflicht;Untere Rebgasse 22;4058;Basel;+41 (0) 61 681 66 27;;;Amt für Umwelt und Energie Basel-Stadt
47.5801339655, 7.59597695314;"{""type"": ""Point"", ""coordinates"": [7.595976953140185, 47.580133965519614]}";63;4005;Brillen;Fielmann AG;Tragbare Brillen, gut erhaltene Brillengläser + Brillengestelle ohne Gläser / keine Rücknahmepflicht;Hochbergerstrasse 70;4057;Basel;+41 (0) 61 633 20 50;;;Amt für Umwelt und Energie Basel-Stadt
47.5576330041, 7.58810749182;"{""type"": ""Point"", ""coordinates"": [7.588107491816633, 47.55763300408679]}";64;4004;Brillen;Fielmann AG;Tragbare Brillen, gut erhaltene Brillengläser + Brillengestelle ohne Gläser / keine Rücknahmepflicht;Marktplatz 16;4001;Basel;+41 (0) 61 266 16 20;;;Amt für Umwelt und Energie Basel-Stadt
47.5432518422, 7.594360796;"{""type"": ""Point"", ""coordinates"": [7.594360796002084, 47.54325184215635]}";67;4001;Brillen;Tellplatz Optik GmbH;Tragbare Brillen, gut erhaltene Brillengläser + Brillengestelle ohne Gläser / keine Rücknahmepflicht;Bruderholzstrasse 42;4053;Basel;+41 (0) 61 361 22 08;;;Amt für Umwelt und Energie Basel-Stadt
47.5475577826, 7.62208880105;"{""type"": ""Point"", ""coordinates"": [7.622088801051796, 47.547557782647246]}";70;15007;Verkauf Chipkarte Bio Klappe Basel;Spar Supermarkt Birs-Ykauf GmbH;Verkauf und Aufladung von Chipkarten für die Bio-Klappen / MO-FR 8-19 / SA 8-18 / SO 9-18;Birsstrasse 200;4052;Basel;+41 (0) 61 312 56 40;;;Amt für Umwelt und Energie Basel-Stadt
47.5601792964, 7.58676379199;"{""type"": ""Point"", ""coordinates"": [7.586763791994874, 47.560179296373704]}";74;15002;Verkauf Chipkarte Bio Klappe Basel;Kundenzentrum Spiegelhof des JSD;Verkauf und Aufladung von Chipkarten für die Bio-Klappen / MO-FR 9-17.30 Uhr (MI bis 18.30);Spegelgasse 6;4001;Basel;+41 (0) 61 267 71 71;http://www.bdm.bs.ch/?;;Amt für Umwelt und Energie Basel-Stadt
47.5460706273, 7.57161350469;"{""type"": ""Point"", ""coordinates"": [7.571613504689374, 47.546070627321306]}";76;15000;Verkauf Chipkarte Bio Klappe Basel;Wohngenossenschaft Holeestrasse;Verkauf und Aufladung von Chipkarten für die Bio-Klappen / MO-FR 8.30-11.30 Uhr / Büro nicht immer besetzt;Kaltbrunnenstrasse 35;4054;Basel;+41 (0) 61 302 95 18;http://www.wgholee.ch;;Amt für Umwelt und Energie Basel-Stadt
47.5401850443, 7.61471876104;"{""type"": ""Point"", ""coordinates"": [7.614718761039663, 47.54018504432782]}";79;7029;Kleider und Textilien;Brockenstube auf dem Wolf;Brockenstube;Auf dem Wolf 30;4052;Basel;061 311 01 01;www.brockiwolf.ch;;Amt für Umwelt und Energie Basel-Stadt
47.5627082628, 7.5971854559;"{""type"": ""Point"", ""coordinates"": [7.597185455902355, 47.56270826276062]}";80;7028;Kleider und Textilien;Textilreinigung Discount Cleaning;Automat - Telltex;Clarastrasse 32;4057;Basel;;;;Amt für Umwelt und Energie Basel-Stadt
47.5567275784, 7.58718560422;"{""type"": ""Point"", ""coordinates"": [7.587185604220013, 47.556727578412975]}";84;7026;Kleider und Textilien;Anna K. First- und Secondhand Fashion;Second-Hand-Shop;Rümelinsplatz 15;4001;Basel;+41 (0) 61 261 62 64;;;Amt für Umwelt und Energie Basel-Stadt
47.5581015827, 7.58606232868;"{""type"": ""Point"", ""coordinates"": [7.586062328683805, 47.558101582721015]}";86;7023;Kleider und Textilien;Rindlisbacher Gigi;Damenmode, Second-Hand-Shop;Andreasplatz 7;4051;Basel;+41 (0) 61 261 29 04;;;Amt für Umwelt und Energie Basel-Stadt
47.5590472066, 7.58345322849;"{""type"": ""Point"", ""coordinates"": [7.5834532284866, 47.559047206644756]}";87;7022;Kleider und Textilien;Flohmarkt Petersplatz;Jeweils am Samstag von 07.30 - 16.00 Uhr / Anmeldung obligatorisch;Petersplatz;4051;Basel;+41 (0) 61 267 70 43;http://www.messen-maerkte.bs.ch/flohmarkt.htm;;Amt für Umwelt und Energie Basel-Stadt
47.5588023105, 7.60031776209;"{""type"": ""Point"", ""coordinates"": [7.600317762092629, 47.558802310547925]}";90;7019;Kleider und Textilien;Tischlein deck dich;Partyservice, Soziale Dienste, Second-Hand-Shop;Grenzaherstrasse 28;4058;Basel;+41 (0) 61 691 19 55;;;Amt für Umwelt und Energie Basel-Stadt
47.5626070096, 7.59356247497;"{""type"": ""Point"", ""coordinates"": [7.593562474972292, 47.56260700959837]}";91;7018;Kleider und Textilien;Glubos Brockenbude Verein Kreislauf;Brockenhaus / Entsorgung Recycling / Räumungen;Rappoltshof 12;4057;Basel;+41 (0) 61 681 81 04;;;Amt für Umwelt und Energie Basel-Stadt
47.5680923602, 7.60124128189;"{""type"": ""Point"", ""coordinates"": [7.601241281885202, 47.56809236022112]}";94;7015;Kleider und Textilien;Second Hand Knorli;Secondhand Shop, Brockenhaus / Babyartikel und mehr;Schönaustrasse 47;4058;Basel;+41 (0) 61 681 85 07;;;Amt für Umwelt und Energie Basel-Stadt
47.5570592061, 7.58810588606;"{""type"": ""Point"", ""coordinates"": [7.588105886063113, 47.55705920606218]}";95;7014;Kleider und Textilien;sahara SECONDHAND;Secondhand Shop;Gerbergasse 20/1;4001;Basel;+41 (0) 61 262 20 47;;;Amt für Umwelt und Energie Basel-Stadt
47.5560248307, 7.58958304959;"{""type"": ""Point"", ""coordinates"": [7.589583049593629, 47.55602483069222]}";100;7008;Kleider und Textilien;Fizzen;Secondhand Shop;Pfluggässlein 1;4001;Basel;+41 (0) 61 281 02 03;;;Amt für Umwelt und Energie Basel-Stadt
47.5559542994, 7.58826660856;"{""type"": ""Point"", ""coordinates"": [7.588266608555019, 47.55595429944765]}";101;7007;Kleider und Textilien;First und Secondhand Excllusiv Boutique;Secondhand Shop;Gerbergässlein 7;4051;Basel;+41 (0) 61 261 60 44;;;Amt für Umwelt und Energie Basel-Stadt
47.5666722128, 7.60126483473;"{""type"": ""Point"", ""coordinates"": [7.601264834727376, 47.56667221278823]}";102;7006;Kleider und Textilien;Fasnachtskischte Jap's;Secondhand Shop;Mattenstrasse 39;4058;Basel;+41 (0) 61 691 90 29;;;Amt für Umwelt und Energie Basel-Stadt
47.5588197684, 7.59530690738;"{""type"": ""Point"", ""coordinates"": [7.595306907375795, 47.55881976843277]}";104;7004;Kleider und Textilien;CARITAS beider Basel;Secondhand Shop, Boutique, Brockenhaus;Lindenberg 20;4058;Basel;+41 (0) 61 691 55 55;;;Amt für Umwelt und Energie Basel-Stadt
47.5519839556, 7.63857395665;"{""type"": ""Point"", ""coordinates"": [7.638573956649782, 47.5519839555944]}";112;8022;Kleidercontainer;Waser Entsorgung AG;Diverse Abfälle und Wertstoffe in allen Mengen / Mo-Fr 7:30-11:45 und 13-16:45 (Fr bis 16:30) Sa 9-13;Langenhagstrasse 50;4127;Birsfelden;+41 (0) 61 313 48 24;http://www.waserag.ch;;Amt für Umwelt und Energie Basel-Stadt
47.5342868003, 7.59322151101;"{""type"": ""Point"", ""coordinates"": [7.593221511011169, 47.534286800283496]}";119;8029;Kleidercontainer;Kleidercontainer - COOP - TellTex;Gut erhaltene und saubere Kleider, Heimtextilien, Wäsche, Gürtel, Taschen, Hüte und tragbare Schuhe;Hauensteinstrasse 88;4059;Basel;;http://www.textilkoordination.ch;;Amt für Umwelt und Energie Basel-Stadt
47.5340629259, 7.60466897857;"{""type"": ""Point"", ""coordinates"": [7.604668978571433, 47.5340629258817]}";121;8015;Kleidercontainer;Kleidercontainer - Migros - Texaid;Gut erhaltene und saubere Kleider, Heimtextilien, Wäsche, Gürtel, Taschen, Hüte und tragbare Schuhe;Reinacherstrasse 202;4053;Basel;;http://www.textilkoordination.ch;;Amt für Umwelt und Energie Basel-Stadt
47.5404109238, 7.60331135229;"{""type"": ""Point"", ""coordinates"": [7.603311352293705, 47.54041092377711]}";123;8014;Kleidercontainer;Kleidercontainer - OBI - Texaid;Gut erhaltene und saubere Kleider, Heimtextilien, Wäsche, Gürtel, Taschen, Hüte und tragbare Schuhe;Reinacherstrasse 29;4053;Basel;;http://www.textilkoordination.ch;;Amt für Umwelt und Energie Basel-Stadt
47.5725758247, 7.63033474297;"{""type"": ""Point"", ""coordinates"": [7.630334742966481, 47.57257582469027]}";129;8002;Kleidercontainer;Kleidercontainer - bei Büschen - Texaid;Gut erhaltene und saubere Kleider, Heimtextilien, Wäsche, Gürtel, Taschen, Hüte und tragbare Schuhe;Rauracherstrasse 7;4125;Riehen;;http://www.textilkoordination.ch;;Gemeinde Riehen
47.5848837949, 7.65068643276;"{""type"": ""Point"", ""coordinates"": [7.650686432760616, 47.5848837948643]}";131;8004;Kleidercontainer;Kleidercontainer - COOP - TellTex;Gut erhaltene und saubere Kleider, Heimtextilien, Wäsche, Gürtel, Taschen, Hüte und tragbare Schuhe;Schmiedgasse 7/9;4125;Riehen;;http://www.textilkoordination.ch;;Gemeinde Riehen
47.5464088897, 7.56486403024;"{""type"": ""Point"", ""coordinates"": [7.564864030240394, 47.54640888972979]}";136;8030;Kleidercontainer;Kleidercontainer - COOP - TellTex;Gut erhaltene und saubere Kleider, Heimtextilien, Wäsche, Gürtel, Taschen, Hüte und tragbare Schuhe;Neubadstrasse 155;4054;Basel;;http://www.textilkoordination.ch/;;Amt für Umwelt und Energie Basel-Stadt
47.5588212189, 7.59529838166;"{""type"": ""Point"", ""coordinates"": [7.595298381658745, 47.55882121889149]}";138;8035;Kleidercontainer;Kleider-Einwurf im Laden / CARITAS;Gut erhaltene und saubere Kleider, Heimtextilien, Wäsche, Gürtel, Taschen, Hüte und tragbare Schuhe;Lindenberg 20;4058;Basel;+41 (0) 61 691 55 55;http://www.textilkoordination.ch;;Amt für Umwelt und Energie Basel-Stadt
47.5702304897, 7.60999259534;"{""type"": ""Point"", ""coordinates"": [7.609992595337843, 47.570230489748006]}";139;8033;Kleidercontainer;Kleidercontainer - COOP - TellTex;Gut erhaltene und saubere Kleider, Heimtextilien, Wäsche, Gürtel, Taschen, Hüte und tragbare Schuhe;Schorenweg 19;4058;Basel;;http://www.textilkoordination.ch;;Amt für Umwelt und Energie Basel-Stadt
47.5727461894, 7.64417850042;"{""type"": ""Point"", ""coordinates"": [7.64417850041543, 47.57274618935146]}";140;8038;Kleidercontainer;Kleiderabgabe - SOS Mütter;Gut erhaltene und saubere Kleider, Heimtextilien, Wäsche, Gürtel, Taschen, Hüte und tragbare Schuhe;Kornfeldstrasse 83;4125;Riehen;;;Öffnungszeiten beachten;Gemeinde Riehen
47.5388268909, 7.59379449338;"{""type"": ""Point"", ""coordinates"": [7.593794493384113, 47.53882689092402]}";142;8039;Kleidercontainer;Kleidercontainer - Rotes Kreuz;Gut erhaltene und saubere Kleider, Heimtextilien, Wäsche, Gürtel, Taschen, Hüte und tragbare Schuhe;Ingelsteinweg 15-19;4053;Basel;;;;Amt für Umwelt und Energie Basel-Stadt
47.5423556951, 7.59924752981;"{""type"": ""Point"", ""coordinates"": [7.599247529805592, 47.542355695084666]}";147;9008;Korkzapfen;Paul Ullrich AG;Korkzapfen von Flaschen;Laufenstrasse 16;4053;Basel;+41 (0) 61 338 90 90;http://www.korken.ch;;Amt für Umwelt und Energie Basel-Stadt
47.5583659582, 7.58671845214;"{""type"": ""Point"", ""coordinates"": [7.586718452140587, 47.558365958159044]}";149;9006;Korkzapfen;L'enoteca Liechti Weine;Korkzapfen von Flaschen;Schneidergasse 10;4051;Basel;+41 (0) 61 261 60 71;http://www.korken.ch;;Amt für Umwelt und Energie Basel-Stadt
47.5624357348, 7.55108616601;"{""type"": ""Point"", ""coordinates"": [7.551086166008044, 47.562435734775725]}";152;9003;Korkzapfen;VEOLIA Umweltservice;Diverse Abfälle und Wertstoffe in allen Mengen / Mo-Fr 7-11:45 und 13-16:45, Sa 8-12:30;Kiesstrasse 24-26;4123;Allschwil;+41 (0) 61 487 21 00;http://www.korken.ch;;Amt für Umwelt und Energie Basel-Stadt
47.5836301444, 7.59096227242;"{""type"": ""Point"", ""coordinates"": [7.590962272419143, 47.5836301443883]}";153;9002;Korkzapfen;Remondis Recyclingpark;Diverse Abfälle und Wertstoffe in allen Mengen / Mo-Fr 14-16:30, Sa 8-15:00;Bonergasse 12;4057;Basel;+41 (0) 61 639 34 30;http://www.korken.ch;;Amt für Umwelt und Energie Basel-Stadt
47.576987676, 7.5697907342;"{""type"": ""Point"", ""coordinates"": [7.569790734200395, 47.576987675974145]}";154;9001;Korkzapfen;Lottner Recyclingpark;Diverse Abfälle und Wertstoffe in allen Mengen / Mo-Fr 6:30-11:45 und 12:45-16:15, Sa 8-14:45;Schlachthofstrasse 18;4056;Basel;+41 (0) 61 386 96 66;http://www.lottner.ch;;Amt für Umwelt und Energie Basel-Stadt
47.539797233, 7.57277020799;"{""type"": ""Point"", ""coordinates"": [7.572770207994376, 47.53979723302572]}";155;9000;Korkzapfen;Coop;Korkzapfen von Flaschen;Hauptstrasse 90;4102;Binningen;;http://www.korken.ch;;Amt für Umwelt und Energie Basel-Stadt
47.5444978405, 7.61071475408;"{""type"": ""Point"", ""coordinates"": [7.61071475407626, 47.54449784046674]}";156;10001;Munition und Waffen;Zeughaus;Taschenmunition / Mo-Fr 7:30–12:00 + 13:30-16:00, Mi Nachmittag geschlossen, Do bis 18:00;Zeughausstrasse 2;4052;Basel;+41 (0) 61 316 72 50;http://www.rettung.bs.ch;;Amt für Umwelt und Energie Basel-Stadt
47.5615637501, 7.5962100415;"{""type"": ""Point"", ""coordinates"": [7.596210041503591, 47.561563750129054]}";158;11016;Pneus;Bögüs Güler;Autoreifen mit und ohne Felgen / Kostenpflichtig / keine Rücknahmepflicht;Clarahofweg 5;4054;Basel;+41 (0) 61 681 99 22;;;Amt für Umwelt und Energie Basel-Stadt
47.5730852899, 7.59554560388;"{""type"": ""Point"", ""coordinates"": [7.595545603875536, 47.57308528985157]}";162;11012;Pneus;Zeller Pneuhaus AG;Autoreifen mit und ohne Felgen / Kostenpflichtig / keine Rücknahmepflicht;Schliengerweg 41;4057;Basel;+41 (0) 61 692 22 66;;;Amt für Umwelt und Energie Basel-Stadt
47.5674530417, 7.61488998096;"{""type"": ""Point"", ""coordinates"": [7.614889980964604, 47.56745304170955]}";164;11010;Pneus;Landhof-Garage AG;Autoreifen mit und ohne Felgen / Kostenpflichtig / keine Rücknahmepflicht;Riehenstrasse 52-60;4058;Basel;+41 (0) 61 681 33 50;;;Amt für Umwelt und Energie Basel-Stadt
47.5464833402, 7.5860785152;"{""type"": ""Point"", ""coordinates"": [7.586078515201133, 47.546483340233955]}";165;11009;Pneus;KMH Pneudiscount GmbH;Autoreifen mit und ohne Felgen / Kostenpflichtig / keine Rücknahmepflicht;Güterstrasse 93;4053;Basel;+41 (0) 61 283 82 08;;;Amt für Umwelt und Energie Basel-Stadt
47.5364716072, 7.61015627717;"{""type"": ""Point"", ""coordinates"": [7.610156277166213, 47.536471607193604]}";167;11007;Pneus;Emil Frey AG;Autoreifen mit und ohne Felgen / Kostenpflichtig / keine Rücknahmepflicht;Brüglingerstrasse 2;4053;Basel;+41 (0) 61 335 61 11;;;Amt für Umwelt und Energie Basel-Stadt
47.5519839556, 7.63857395665;"{""type"": ""Point"", ""coordinates"": [7.638573956649782, 47.5519839555944]}";169;11005;Pneus;Waser Entsorgung AG;Diverse Abfälle und Wertstoffe in allen Mengen / Mo-Fr 7:30-11:45 und 13-16:45 (Fr bis 16:30) Sa 9-13;Langenhagstrasse 50;4127;Birsfelden;+41 (0) 61 313 48 24;http://www.waserag.ch;;Amt für Umwelt und Energie Basel-Stadt
47.562444963, 7.55145861953;"{""type"": ""Point"", ""coordinates"": [7.551458619529119, 47.56244496295236]}";170;11004;Pneus;VEOLIA Umweltservice;Diverse Abfälle und Wertstoffe in allen Mengen / Mo-Fr 7-11:45 und 13-16:45, Sa 8-12:30;Kiesstrasse 24-26;4123;Allschwil;+41 (0) 61 487 21 00;http://www.veolia-es.ch/de/;;Amt für Umwelt und Energie Basel-Stadt
47.5519839556, 7.63857395665;"{""type"": ""Point"", ""coordinates"": [7.638573956649782, 47.5519839555944]}";173;12004;Recyclingpark;Waser Entsorgung AG;Diverse Abfälle und Wertstoffe in allen Mengen / Mo-Fr 7:30-11:45 und 13-16:45 (Fr bis 16:30) Sa 9-13;Langenhagstrasse 50;4127;Birsfelden;+41 (0) 61 313 48 24;http://www.waserag.ch;;Amt für Umwelt und Energie Basel-Stadt
47.5624436975, 7.55135336692;"{""type"": ""Point"", ""coordinates"": [7.551353366916912, 47.56244369751372]}";174;12003;Recyclingpark;VEOLIA Umweltservice;Diverse Abfälle und Wertstoffe in allen Mengen / Mo-Fr 7-11:45 und 13-16:45, Sa 8-12:30;Kiesstrasse 24-26;4123;Allschwil;+41 (0) 61 487 21 00;http://www.veolia-es.ch/de/;;Amt für Umwelt und Energie Basel-Stadt
47.583630228, 7.59089826795;"{""type"": ""Point"", ""coordinates"": [7.590898267945152, 47.58363022798138]}";177;12002;Recyclingpark;Remondis Recyclingpark;Diverse Abfälle und Wertstoffe in definierten Mengen, siehe Abfuhrplan;Bonergasse 12;4057;Basel;+41 (0) 61 639 34 30;http://www.remondis.ch/startseite/;Mo-Fr: 14:00-16:30, Sa: 08:00-14:30;Tiefbauamt Basel-Stadt
47.576987676, 7.5697907342;"{""type"": ""Point"", ""coordinates"": [7.569790734200395, 47.576987675974145]}";178;12001;Recyclingpark;Lottner Recyclingpark;Diverse Abfälle und Wertstoffe in definierten Mengen, siehe Abfuhrplan;Schlachthofstrasse 18;4056;Basel;+41 (0) 61 386 96 66;http://www.lottner.ch/index.php/de/;Mo-Fr 6:30-11:45 und 12:45-16:45, Sa 8-14:45;Tiefbauamt Basel-Stadt
47.5451895749, 7.58868088598;"{""type"": ""Point"", ""coordinates"": [7.588680885978178, 47.54518957485003]}";181;1030;Annahmestelle Sonderabfall;Coop Vitality Basel Südpark;Jegliche Art Sondeabfall (Medikamente, Batterien, Chemikalien, Farben usw.) / in Haushaltsmengen;Güterstrasse 125;4053;Basel;058 878 84 40;https://www.coopvitality.ch/de/coop-vitality-sudpark-basel;;Tiefbauamt Basel-Stadt
47.5599199396, 7.56806132548;"{""type"": ""Point"", ""coordinates"": [7.568061325481099, 47.559919939578194]}";187;1006;Annahmestelle Sonderabfall;Sikkens Center Basel;Jegliche Art Sondeabfall (Medikamente, Batterien, Chemikalien, Farben usw.) / in Haushaltsmengen;Rufacherstrasse 78;4055;Basel;+41 (0) 61 381 00 72;http://www.sikkens-center.ch/de;Mo-Do: 07:00-12:00 / 13:00-17:00, Fr: 07:00-12:00 / 13:00-16:00;Tiefbauamt Basel-Stadt
47.5574116665, 7.5824535651;"{""type"": ""Point"", ""coordinates"": [7.582453565098805, 47.55741166652791]}";192;1014;Annahmestelle Sonderabfall;Spalen-Apotheke;Jegliche Art Sondeabfall (Medikamente, Batterien, Chemikalien, Farben usw.) / in Haushaltsmengen;Spalenvorstadt 19;4051;Basel;+41 (0) 61 261 72 50;;Mo-Fr: 08:00-12:15 / 13:45-18:30, Sa: 08:00-12:15;Tiefbauamt Basel-Stadt
47.5502767031, 7.6036698426;"{""type"": ""Point"", ""coordinates"": [7.603669842600989, 47.55027670307773]}";194;1010;Annahmestelle Sonderabfall;Sevogel Apotheke;Jegliche Art Sondeabfall (Medikamente, Batterien, Chemikalien, Farben usw.) / in Haushaltsmengen;Sevogelstrasse 51;4052;Basel;+41 (0) 61 311 52 40;https://www.sevogel-apotheke.ch/;Mo-Fr: 07:30-18:30, Sa: 07:30-17:00;Tiefbauamt Basel-Stadt
47.5690302611, 7.59060335566;"{""type"": ""Point"", ""coordinates"": [7.59060335565928, 47.56903026109179]}";195;1004;Annahmestelle Sonderabfall;Dreirosen Drogerie Apotheke;Jegliche Art Sondeabfall (Medikamente, Batterien, Chemikalien, Farben usw.) / in Haushaltsmengen;Klybeckstrasse 140;4057;Basel;+41 (0) 61 691 74 88;https://dreirosendrogerieapotheke.jimdo.com/;Mo-Fr: 09:00-19:00, Sa: 09:00-17:00 Uhr;Tiefbauamt Basel-Stadt
47.543621752, 7.59213431624;"{""type"": ""Point"", ""coordinates"": [7.592134316238153, 47.54362175196236]}";198;1002;Annahmestelle Sonderabfall;DROPA Drogerie Apotheke Gundelitor;Jegliche Art Sondeabfall (Medikamente, Batterien, Chemikalien, Farben usw.) / in Haushaltsmengen;Güterstrasse 180;4053;Basel;+41 (0) 61 365 90 80;http://www.dropa.ch/de-ch/standorte/region-nordwestschweiz/dropa-drogerie-apotheke-gundelitor.aspx;Mo-Fr: 08:00-20:00, Sa: 08:00-18:00;Tiefbauamt Basel-Stadt
47.5836301533, 7.59092793721;"{""type"": ""Point"", ""coordinates"": [7.590927937206182, 47.58363015326168]}";201;1017;Annahmestelle Sonderabfall;Remondis Recyclingpark;Diverse Abfälle und Wertstoffe in definierten Mengen, siehe Abfuhrplan;Bonergasse 12;4057;Basel;+41 (0) 61 639 34 30;http://www.remondis.ch/startseite/;Mo-Fr 14-16:30, Sa 8-14:30;Tiefbauamt Basel-Stadt
47.5624249247, 7.59639689364;"{""type"": ""Point"", ""coordinates"": [7.596396893640418, 47.56242492467387]}";202;1024;Annahmestelle Sonderabfall;St. Clara-Apotheke;Jegliche Art Sondeabfall (Medikamente, Batterien, Chemikalien, Farben usw.) / in Haushaltsmengen;Clarastrasse 22;4058;Basel;+41 (0) 58 878 82 30;http://www.apotheke.bs/;Mo-Fr: 07:30-18:30, Sa: 07:30-17:00;Tiefbauamt Basel-Stadt
47.5687641792, 7.57966819615;"{""type"": ""Point"", ""coordinates"": [7.579668196151284, 47.56876417920711]}";203;1011;Annahmestelle Sonderabfall;St. Johann-Drogerie;Jegliche Art Sondeabfall (Medikamente, Batterien, Chemikalien, Farben usw.) / in Haushaltsmengen;Elsässerstrasse 47;4056;Basel;+41 (0) 61 321 90 81;-;Mo-Fr: 09:00-18:30, Sa: 09:00-17:00;Tiefbauamt Basel-Stadt
47.5568036509, 7.58929208064;"{""type"": ""Point"", ""coordinates"": [7.589292080641093, 47.556803650900505]}";205;1025;Annahmestelle Sonderabfall;Goldene Engel Apotheke;Jegliche Art Sondeabfall (Medikamente, Batterien, Chemikalien, Farben usw.) / in Haushaltsmengen;Freie Strasse 20;4001;Basel;+41 (0) 61 261 88 10;http://www.achillea.ch/de-ch/geschaeftsstellen/region-nordwestschweiz/goldene-engel-apotheke.aspx;Mo-Mi: 07:30-18:30, Do: 07:30-20:00, Fr: 07:30-19:00, Sa: 08:00-18:00;Tiefbauamt Basel-Stadt
47.5687665966, 7.57962510615;"{""type"": ""Point"", ""coordinates"": [7.57962510615133, 47.56876659664479]}";211;16004;Verkauf Vignette Basel;St. Johann-Drogerie;Verkauf von Sperrgut- und Grüngutvignetten für Basel;Elsässerstrasse 47;4056;Basel;+41 (0) 61 321 90 81;;;Amt für Umwelt und Energie Basel-Stadt
47.5371452003, 7.60264549869;"{""type"": ""Point"", ""coordinates"": [7.602645498693296, 47.53714520034476]}";215;16008;Verkauf Vignette Basel;Dreispitz-Apotheke;Verkauf von Sperrgut- und Grüngutvignetten für Basel;Gundeldingerstrasse 488;4053;Basel;+41 (0) 61 331 52 46;;;Amt für Umwelt und Energie Basel-Stadt
47.5613988841, 7.57435375109;"{""type"": ""Point"", ""coordinates"": [7.574353751091639, 47.56139888414617]}";220;16013;Verkauf Vignette Basel;Tang Asien Supermarkt;Verkauf von Sperrgut- und Grüngutvignetten für Basel;Spalenring 1;4055;Basel;+41 (0) 61 382 66 16;;;Amt für Umwelt und Energie Basel-Stadt
47.5483783084, 7.6096300098;"{""type"": ""Point"", ""coordinates"": [7.609630009799008, 47.54837830838748]}";223;16016;Verkauf Vignette Basel;Metzgerei Zieren GmbH;Verkauf von Sperrgut- und Grüngutvignetten für Basel;St. Alban-Ring 213;4052;Basel;+41 (0) 61 311 42 81;;;Amt für Umwelt und Energie Basel-Stadt
47.5619436215, 7.57358884044;"{""type"": ""Point"", ""coordinates"": [7.5735888404353, 47.561943621515496]}";224;16017;Verkauf Vignette Basel;CITYRING APOTHEKE;Verkauf von Sperrgut- und Grüngutvignetten für Basel;Burgfelderstrasse 1;4055;Basel;+41 (0) 61 385 96 66;;;Amt für Umwelt und Energie Basel-Stadt
47.5517481687, 7.59460445144;"{""type"": ""Point"", ""coordinates"": [7.59460445144238, 47.55174816865183]}";227;16020;Verkauf Vignette Basel;Coop AESCHENPLATZ;Verkauf von Sperrgut- und Grüngutvignetten für Basel;Aeschenvorstadt 75;4051;Basel;+41 (0) 61 270 94 00;;;Amt für Umwelt und Energie Basel-Stadt
47.5551654234, 7.61374226137;"{""type"": ""Point"", ""coordinates"": [7.613742261367216, 47.555165423371335]}";231;16024;Verkauf Vignette Basel;Coop BREITE;Verkauf von Sperrgut- und Grüngutvignetten für Basel;Farnsburgerstrasse 37;4052;Basel;+41 (0) 61 317 95 30;;;Amt für Umwelt und Energie Basel-Stadt
47.5431214655, 7.59323516441;"{""type"": ""Point"", ""coordinates"": [7.593235164407797, 47.54312146553155]}";234;16027;Verkauf Vignette Basel;Coop GUNDELI / Kiosk;Verkauf von Sperrgut- und Grüngutvignetten für Basel;Güterstrasse 190;4053;Basel;+41 (0) 61 366 96 20;;;Amt für Umwelt und Energie Basel-Stadt
47.5690799109, 7.59053080543;"{""type"": ""Point"", ""coordinates"": [7.590530805430732, 47.56907991090041]}";238;16031;Verkauf Vignette Basel;Coop KLYBECK;Verkauf von Sperrgut- und Grüngutvignetten für Basel;Klybeckstrasse 142;4057;Basel;+41 (0) 61 685 93 70;;;Amt für Umwelt und Energie Basel-Stadt
47.5702761796, 7.60991178283;"{""type"": ""Point"", ""coordinates"": [7.609911782834099, 47.57027617964186]}";240;16033;Verkauf Vignette Basel;Coop SCHORENWEG;Verkauf von Sperrgut- und Grüngutvignetten für Basel;Schorenweg 19;4058;Basel;+41 (0) 61 692 14 12;;;Amt für Umwelt und Energie Basel-Stadt
47.5471362195, 7.62087371783;"{""type"": ""Point"", ""coordinates"": [7.620873717830825, 47.547136219545976]}";248;16041;Verkauf Vignette Basel;K Kiosk REDING;Verkauf von Sperrgut- und Grüngutvignetten für Basel;Lehenmattstrasse 260;4052;Basel;;;;Amt für Umwelt und Energie Basel-Stadt
47.5622504941, 7.57287334399;"{""type"": ""Point"", ""coordinates"": [7.572873343987735, 47.56225049411081]}";250;16043;Verkauf Vignette Basel;Migros BASEL BURGFELDER;Verkauf von Sperrgut- und Grüngutvignetten für Basel;Burgfelderstrasse 11;4055;Basel;+41 (0) 58 575 89 00;;;Amt für Umwelt und Energie Basel-Stadt
47.5527921452, 7.59277950387;"{""type"": ""Point"", ""coordinates"": [7.592779503874612, 47.55279214519573]}";252;16045;Verkauf Vignette Basel;Migros BASEL DRACHEN CENTER;Verkauf von Sperrgut- und Grüngutvignetten für Basel;Aeschenvorstadt 24;4051;Basel;+41 (0) 58 575 87 50;;;Amt für Umwelt und Energie Basel-Stadt
47.5493051982, 7.60721701099;"{""type"": ""Point"", ""coordinates"": [7.607217010990317, 47.549305198248945]}";256;16049;Verkauf Vignette Basel;Migros BASEL HARDSTRASSE;Verkauf von Sperrgut- und Grüngutvignetten für Basel;Hardstrasse 105;4052;Basel;+41 (0) 58 575 80 60;;;Amt für Umwelt und Energie Basel-Stadt
47.5586540462, 7.60163643886;"{""type"": ""Point"", ""coordinates"": [7.601636438859209, 47.55865404615861]}";261;16054;Verkauf Vignette Basel;Migros BASEL JUNIOR MARKT;Verkauf von Sperrgut- und Grüngutvignetten für Basel;Grenzacherstrasse 62;4058;Basel;+41 (0) 58 575 88 40;;;Amt für Umwelt und Energie Basel-Stadt
47.5707110359, 7.63306807899;"{""type"": ""Point"", ""coordinates"": [7.633068078987567, 47.57071103593086]}";268;17003;Verkauf Vignette Riehen und Bettingen;Coop, Filiale Rauracher;Verkauf von Kehricht-, Container- und Speergutmarken für Riehen und Bettingen;Rauracherstrasse 33;4125;Riehen;;http://www.coop.ch/de.html;;Gemeinde Riehen
47.5756553477, 7.634926221;"{""type"": ""Point"", ""coordinates"": [7.634926221001607, 47.57565534766895]}";269;17004;Verkauf Vignette Riehen und Bettingen;Coop Pronto Shop;Verkauf von Kehricht-, Container- und Speergutmarken für Riehen und Bettingen;Aeussere Baselstrasse 263;4125;Riehen;;http://www.coop.ch/de.html;;Gemeinde Riehen
47.5849336355, 7.65083570022;"{""type"": ""Point"", ""coordinates"": [7.65083570022127, 47.58493363550952]}";270;17001;Verkauf Vignette Riehen und Bettingen;Coop, Filiale Schmiedgasse;Verkauf von Kehricht-, Container- und Speergutmarken für Riehen und Bettingen;Schmiedgasse 7/9;4125;Riehen;;http://www.coop.ch/de.html;;Gemeinde Riehen
47.5845606906, 7.64993361206;"{""type"": ""Point"", ""coordinates"": [7.649933612055777, 47.58456069062825]}";271;17005;Verkauf Vignette Riehen und Bettingen;Wenk Haushalt Center;Verkauf von Kehricht-, Container- und Speergutmarken für Riehen und Bettingen;Baselstrasse 46;4125;Riehen;;;;Gemeinde Riehen
47.5727024428, 7.62506415146;"{""type"": ""Point"", ""coordinates"": [7.625064151464047, 47.5727024428063]}";275;17014;Verkauf Vignette Riehen und Bettingen;FGV Spitalmatten;Verkauf von Kehricht-, Container- und Speergutmarken für Riehen und Bettingen;Aeussere Baselstrasse 300;4125;Riehen;;http://www.fgv-spitalmatten.ch;;Gemeinde Riehen
47.5288152819, 7.656060237;"{""type"": ""Point"", ""coordinates"": [7.656060236996793, 47.5288152819424]}";276;17013;Verkauf Vignette Riehen und Bettingen;Baumaterial Späth AG;Verkauf von Kehricht-, Container- und Speergutmarken für Riehen und Bettingen;Falkensteinerstrasse 13;4132;Muttenz;+41 (0) 61 641 13 51;https://www.späth.ch/;;Gemeinde Riehen
47.5755084188, 7.64676641728;"{""type"": ""Point"", ""coordinates"": [7.646766417282831, 47.57550841881116]}";279;17007;Verkauf Vignette Riehen und Bettingen;Migros Partner M;Verkauf von Kehricht-, Container- und Speergutmarken für Riehen und Bettingen;Grenzacherweg 81;4125;Riehen;;https://www.migros.ch/de.html;;Gemeinde Riehen
47.55489832, 7.61273929296;"{""type"": ""Point"", ""coordinates"": [7.612739292962966, 47.554898320042724]}";7;3031;Brauchbare Dinge;Kleiderkiste Breit GmbH;Frauen und Kinderkleider;Homburgerstrasse 42;4052;Basel;+41 (0) 61 311 83 11;;;Amt für Umwelt und Energie Basel-Stadt
47.542448958, 7.59550077372;"{""type"": ""Point"", ""coordinates"": [7.595500773719061, 47.54244895796968]}";16;3022;Brauchbare Dinge;Wizo Gruppe Basel;Second Hand Shop / Möbelladen;Güterstrasse 218;4053;Basel;+41 (0) 61 361 25 33;;;Amt für Umwelt und Energie Basel-Stadt
47.5442777963, 7.5883863666;"{""type"": ""Point"", ""coordinates"": [7.588386366597235, 47.54427779631536]}";21;3017;Brauchbare Dinge;Zweifach;Secondhand Shop / Kleider und Velo;Sempacherstrasse 17;4053;Basel;+41 (0) 61 363 39 39;;;Amt für Umwelt und Energie Basel-Stadt
47.5570592061, 7.58810588606;"{""type"": ""Point"", ""coordinates"": [7.588105886063113, 47.55705920606218]}";23;3015;Brauchbare Dinge;sahara SECONDHAND;Secondhand Shop;Gerbergasse 20/1;4001;Basel;+41 (0) 61 262 20 47;;;Amt für Umwelt und Energie Basel-Stadt
47.5654531372, 7.58874734839;"{""type"": ""Point"", ""coordinates"": [7.588747348389505, 47.5654531372171]}";28;3010;Brauchbare Dinge;Heilsarmee Brocki Basel Breisacher;Secondhand Shop / Brockenhaus;Breisacherstrasse 45;4057;Basel;+41 (0) 61 683 80 47;;;Amt für Umwelt und Energie Basel-Stadt
47.5587642807, 7.57955674062;"{""type"": ""Point"", ""coordinates"": [7.579556740621112, 47.55876428068918]}";29;3009;Brauchbare Dinge;Freivogel Silvia;Secondhand Shop / Designer Second Hand;Missionsstrasse 15;4055;Basel;+41 (0) 61 261 29 72;;;Amt für Umwelt und Energie Basel-Stadt
47.5639310194, 7.59182721744;"{""type"": ""Point"", ""coordinates"": [7.591827217435378, 47.563931019394694]}";35;3003;Brauchbare Dinge;Brocanthaus Bollig AG;Secondhand Shop / Brockenhaus;Klybeckstrasse 20;4057;Basel;+41 (0) 61 303 11 80;;;Amt für Umwelt und Energie Basel-Stadt
47.5616671346, 7.56784695324;"{""type"": ""Point"", ""coordinates"": [7.567846953240326, 47.561667134637595]}";40;4028;Brillen;Buena Vista;Tragbare Brillen, gut erhaltene Brillengläser + Brillengestelle ohne Gläser / keine Rücknahmepflicht;Hegenheimerstrasse 107;4055;Basel;+41 (0) 78 648 99 19;;;Amt für Umwelt und Energie Basel-Stadt
47.5619037712, 7.59212270518;"{""type"": ""Point"", ""coordinates"": [7.592122705180118, 47.561903771171636]}";42;4026;Brillen;Kochoptik AG;Tragbare Brillen, gut erhaltene Brillengläser + Brillengestelle ohne Gläser / keine Rücknahmepflicht;Teichgässlein 7;4058;Basel;+41 (0) 61 681 39 77;;;Amt für Umwelt und Energie Basel-Stadt
47.5513027612, 7.58848434702;"{""type"": ""Point"", ""coordinates"": [7.588484347018372, 47.551302761225706]}";46;4022;Brillen;Zeender Optik GmbH;Tragbare Brillen, gut erhaltene Brillengläser + Brillengestelle ohne Gläser / keine Rücknahmepflicht;Steinentorstrasse 33;4051;Basel;+41 (0) 61 281 68 77;;;Amt für Umwelt und Energie Basel-Stadt
47.5578212191, 7.5807181472;"{""type"": ""Point"", ""coordinates"": [7.580718147199727, 47.55782121911871]}";47;4021;Brillen;Spalentor-Optik;Tragbare Brillen, gut erhaltene Brillengläser + Brillengestelle ohne Gläser / keine Rücknahmepflicht;Missionsstrasse 1;4055;Basel;+41 (0) 61 261 29 58;;;Amt für Umwelt und Energie Basel-Stadt
47.540769857, 7.62021554174;"{""type"": ""Point"", ""coordinates"": [7.620215541742817, 47.540769857000335]}";50;4018;Brillen;Visilab St. Jakob-Park;Tragbare Brillen, gut erhaltene Brillengläser + Brillengestelle ohne Gläser / keine Rücknahmepflicht;St. Jakobs-Strasse 397;4052;Basel;+41 (0) 61 319 94 40;;;Amt für Umwelt und Energie Basel-Stadt
47.5519627083, 7.59276397123;"{""type"": ""Point"", ""coordinates"": [7.592763971229076, 47.55196270826877]}";53;4015;Brillen;Ottico D'Amato GmbH;Tragbare Brillen, gut erhaltene Brillengläser + Brillengestelle ohne Gläser / keine Rücknahmepflicht;Henric Petri-Strasse 15;4051;Basel;+41 (0) 61 228 73 24;;;Amt für Umwelt und Energie Basel-Stadt
47.553355245, 7.5952337353;"{""type"": ""Point"", ""coordinates"": [7.595233735297466, 47.55335524498728]}";54;4014;Brillen;Optometrie Thomas Hofmann;Tragbare Brillen, gut erhaltene Brillengläser + Brillengestelle ohne Gläser / keine Rücknahmepflicht;Picassoplatz 4;4052;Basel;+41 (0) 61 271 57 27;;;Amt für Umwelt und Energie Basel-Stadt
47.5608627177, 7.59084972119;"{""type"": ""Point"", ""coordinates"": [7.590849721194495, 47.56086271773645]}";59;4009;Brillen;McOptik (Schweiz) AG;Tragbare Brillen, gut erhaltene Brillengläser + Brillengestelle ohne Gläser / keine Rücknahmepflicht;Greifengasse 1;4058;Basel;+41 (0) 61 692 04 55;;;Amt für Umwelt und Energie Basel-Stadt
47.5573895018, 7.58863028672;"{""type"": ""Point"", ""coordinates"": [7.588630286723601, 47.5573895017677]}";60;4008;Brillen;Kochoptik AG;Tragbare Brillen, gut erhaltene Brillengläser + Brillengestelle ohne Gläser / keine Rücknahmepflicht;Freie Strasse 8;4001;Basel;+41 (0) 61 272 49 70;;;Amt für Umwelt und Energie Basel-Stadt
47.5567220636, 7.58729980892;"{""type"": ""Point"", ""coordinates"": [7.58729980891854, 47.5567220635565]}";61;4007;Brillen;Iseli Optik AG;Tragbare Brillen, gut erhaltene Brillengläser + Brillengestelle ohne Gläser / keine Rücknahmepflicht;Rümelinsplatz 13;4001;Basel;+41 (0) 61 261 61 40;;;Amt für Umwelt und Energie Basel-Stadt
47.5421581322, 7.59706461194;"{""type"": ""Point"", ""coordinates"": [7.59706461193924, 47.542158132220784]}";66;4002;Brillen;Aebischer Optik AG;Tragbare Brillen, gut erhaltene Brillengläser + Brillengestelle ohne Gläser / keine Rücknahmepflicht;Güterstrasse 247;4053;Basel;+41 (0) 61 331 26 86;;;Amt für Umwelt und Energie Basel-Stadt
47.5624284354, 7.59638786854;"{""type"": ""Point"", ""coordinates"": [7.596387868537831, 47.562428435447444]}";69;15006;Verkauf Chipkarte Bio Klappe Basel;St. Clara-Apotheke;Verkauf und Aufladung von Chipkarten für die Bio-Klappen / MO-FR 7.30-18.30 / SA 7.30-17;Clarastrasse 22;4058;Basel;+41 (0) 58 878 82 30;;;Amt für Umwelt und Energie Basel-Stadt
47.5436211806, 7.59207650804;"{""type"": ""Point"", ""coordinates"": [7.592076508038567, 47.54362118055534]}";73;15003;Verkauf Chipkarte Bio Klappe Basel;Gudelitor Aphotheke und Drogerie Wenger GmbH;Verkauf und Aufladung von Chipkarten für die Bio-Klappen / MO-FR 8-19 / SA 8-18;Güterstrasse 180;4053;Basel;+41 (0) 61 365 90 80;;;Amt für Umwelt und Energie Basel-Stadt
47.5403463297, 7.60256602291;"{""type"": ""Point"", ""coordinates"": [7.602566022910803, 47.54034632965554]}";77;5000;Druckertankstelle;Drucker Tankstelle Basel GmbH;Druckerpatronen werden wieder aufgefüllt;Güterstrasse 320;4053;Basel;+41 (0) 61 462 45 69;http://www.drucker-tankstelle.ch;;Amt für Umwelt und Energie Basel-Stadt
47.5733464533, 7.56873050424;"{""type"": ""Point"", ""coordinates"": [7.568730504243675, 47.573346453264584]}";78;6000;Kehrichtverbrennung;KVA-Basel;Diverse brennbare Abfälle in grossen Mengen sowie Sonderabfälle;Hagenaustrasse 40;4056;Basel;+41 (0) 61 385 15 15;www.iwb.ch/Ueber-uns/Kehrichtverwertung.html;Mo-Fr: 06:30-17:00;Tiefbauamt Basel-Stadt
47.5437303973, 7.59463253577;"{""type"": ""Point"", ""coordinates"": [7.594632535773004, 47.54373039726523]}";81;7013;Kleider und Textilien;Rotes Kreuz;Kleiderannahme mit Einwurf;Bruderholzstrasse 20;4053;Basel;+41 (0) 61 319 56 70;;;Amt für Umwelt und Energie Basel-Stadt
47.5547874229, 7.58958639456;"{""type"": ""Point"", ""coordinates"": [7.589586394557885, 47.55478742287613]}";88;7021;Kleider und Textilien;Flohmarkt Barfüsserplatz;Jeweils am 2. und 4. Mittwoch im Monat, von 07.00 - 19.00 Uhr / Anmeldung obligatorisch;Barfüsserplatz;4051;Basel;+41 (0) 61 267 70 43;http://www.messen-maerkte.bs.ch/flohmarkt.htm;;Amt für Umwelt und Energie Basel-Stadt
47.5442777963, 7.5883863666;"{""type"": ""Point"", ""coordinates"": [7.588386366597235, 47.54427779631536]}";93;7016;Kleider und Textilien;Zweifach;Secondhand Shop / Kleider und Velo;Sempacherstrasse 17;4053;Basel;+41 (0) 61 363 39 39;;;Amt für Umwelt und Energie Basel-Stadt
47.5567363489, 7.57185742331;"{""type"": ""Point"", ""coordinates"": [7.571857423309392, 47.556736348921284]}";96;7012;Kleider und Textilien;Kleiderbügel;Secondhand Shop;Allschwilerstrasse 50;4055;Basel;+41 (0) 61 301 47 74;;;Amt für Umwelt und Energie Basel-Stadt
47.5687734816, 7.59025842507;"{""type"": ""Point"", ""coordinates"": [7.590258425069846, 47.56877348156528]}";97;7011;Kleider und Textilien;HIOB International;Secondhand Shop, Brockenhaus;Klybeckstrasse 91;4057;Basel;+41 (0) 61 683 23 60;;;Amt für Umwelt und Energie Basel-Stadt
47.5587642807, 7.57955674062;"{""type"": ""Point"", ""coordinates"": [7.579556740621112, 47.55876428068918]}";99;7009;Kleider und Textilien;Freivogel Silvia;Secondhand Shop / Designer Second Hand;Missionsstrasse 15;4055;Basel;+41 (0) 61 261 29 72;;;Amt für Umwelt und Energie Basel-Stadt
47.5700273642, 7.5784779602;"{""type"": ""Point"", ""coordinates"": [7.578477960201026, 47.57002736416302]}";106;7002;Kleider und Textilien;Art-Johann;Secondhand Shop, Kleiderbörse, Boutique;St. Johanns-Vorstadt 74;4056;Basel;+41 (0) 61 556 40 20;;;Amt für Umwelt und Energie Basel-Stadt
47.5408924153, 7.59527837634;"{""type"": ""Point"", ""coordinates"": [7.595278376336206, 47.54089241530055]}";107;7001;Kleider und Textilien;Anna-Bella;Secondhand Shop / Second-Hand Kleider;J. J. Balmer-Strasse 1;4053;Basel;+41 (0) 61 312 19 82;;;Amt für Umwelt und Energie Basel-Stadt
47.5665535415, 7.59186667392;"{""type"": ""Point"", ""coordinates"": [7.591866673917391, 47.56655354147566]}";108;7000;Kleider und Textilien;Anna Brockenhaus;Secondhand Shop, Brockenhaus;Feldbergstrasse 63;4057;Basel;+41 (0) 61 681 55 36;;;Amt für Umwelt und Energie Basel-Stadt
47.576987676, 7.5697907342;"{""type"": ""Point"", ""coordinates"": [7.569790734200395, 47.576987675974145]}";109;8019;Kleidercontainer;Lottner Recyclingpark;Diverse Abfälle und Wertstoffe in allen Mengen / Mo-Fr 6:30-11:45 und 12:45-16:15, Sa 8-14:45;Schlachthofstrasse 18;4056;Basel;+41 (0) 61 386 96 66;http://www.lottner.ch;;Amt für Umwelt und Energie Basel-Stadt
47.5640362277, 7.55589707519;"{""type"": ""Point"", ""coordinates"": [7.555897075186309, 47.564036227670776]}";113;8027;Kleidercontainer;Kleidercontainer;Gut erhaltene und saubere Kleider, Heimtextilien, Wäsche, Gürtel, Taschen, Hüte und tragbare Schuhe;Belforterstrasse bei Coop;4055;Basel;;http://www.textilkoordination.ch;;Amt für Umwelt und Energie Basel-Stadt
47.5361543503, 7.59798980076;"{""type"": ""Point"", ""coordinates"": [7.597989800759312, 47.536154350331735]}";120;8012;Kleidercontainer;Kleidercontainer - Texaid / Contex;Gut erhaltene und saubere Kleider, Heimtextilien, Wäsche, Gürtel, Taschen, Hüte und tragbare Schuhe;Löwenbergstrasse 7 / Eichohrnweglein;4059;Basel;;http://www.textilkoordination.ch;;Amt für Umwelt und Energie Basel-Stadt
47.5385834563, 7.60024306924;"{""type"": ""Point"", ""coordinates"": [7.600243069239613, 47.538583456337506]}";122;8024;Kleidercontainer;Kleidercontainer - im Hof - Texaid;Gut erhaltene und saubere Kleider, Heimtextilien, Wäsche, Gürtel, Taschen, Hüte und tragbare Schuhe;Arlesheimerstrasse 22A;4053;Basel;;http://www.textilkoordination.ch;;Amt für Umwelt und Energie Basel-Stadt
47.5395581258, 7.61382866201;"{""type"": ""Point"", ""coordinates"": [7.613828662013929, 47.53955812580846]}";124;8023;Kleidercontainer;Kleidercontainer - COOP - TellTex;Gut erhaltene und saubere Kleider, Heimtextilien, Wäsche, Gürtel, Taschen, Hüte und tragbare Schuhe;Brüglingerstrasse 83;4052;Basel;;http://www.textilkoordination.ch;;Amt für Umwelt und Energie Basel-Stadt
47.5440532245, 7.60660611108;"{""type"": ""Point"", ""coordinates"": [7.606606111079657, 47.54405322446541]}";125;8016;Kleidercontainer;Kleidercontainer - Wolf - Texaid;Gut erhaltene und saubere Kleider, Heimtextilien, Wäsche, Gürtel, Taschen, Hüte und tragbare Schuhe;St. Jakobs-Strasse 200;4052;Basel;;http://www.textilkoordination.ch;;Amt für Umwelt und Energie Basel-Stadt
47.5643876286, 7.62158251592;"{""type"": ""Point"", ""coordinates"": [7.621582515915428, 47.564387628595924]}";127;8013;Kleidercontainer;Kleidercontainer - Texaid;Gut erhaltene und saubere Kleider, Heimtextilien, Wäsche, Gürtel, Taschen, Hüte und tragbare Schuhe;Ormalingerweg 9;4058;Basel;;http://www.textilkoordination.ch;;Amt für Umwelt und Energie Basel-Stadt
47.5707655908, 7.63282075973;"{""type"": ""Point"", ""coordinates"": [7.632820759731552, 47.570765590788675]}";128;8001;Kleidercontainer;Kleidercontainer - COOP - TellTex;Gut erhaltene und saubere Kleider, Heimtextilien, Wäsche, Gürtel, Taschen, Hüte und tragbare Schuhe;Rauracherstrasse 33;4125;Riehen;;http://www.textilkoordination.ch;;Gemeinde Riehen
47.5806846618, 7.65307199663;"{""type"": ""Point"", ""coordinates"": [7.653071996632625, 47.58068466184867]}";130;8000;Kleidercontainer;Kleidercontainer - Parkplatz - TellTex;Gut erhaltene und saubere Kleider, Heimtextilien, Wäsche, Gürtel, Taschen, Hüte und tragbare Schuhe;Wenkenstrasse 33;4125;Riehen;;http://www.textilkoordination.ch;;Gemeinde Riehen
47.5469437112, 7.55338239592;"{""type"": ""Point"", ""coordinates"": [7.553382395923856, 47.54694371120527]}";132;8034;Kleidercontainer;Kleidercontainer;Gut erhaltene und saubere Kleider, Heimtextilien, Wäsche, Gürtel, Taschen, Hüte und tragbare Schuhe;Binningerstrasse;4123;Allschwil;;http://www.textilkoordination.ch;;Amt für Umwelt und Energie Basel-Stadt
47.549563797, 7.60658128631;"{""type"": ""Point"", ""coordinates"": [7.606581286307504, 47.54956379700922]}";137;8031;Kleidercontainer;Kleidercontainer - COOP - TellTex;Gut erhaltene und saubere Kleider, Heimtextilien, Wäsche, Gürtel, Taschen, Hüte und tragbare Schuhe;Hardstrasse 95;4052;Basel;;http://www.textilkoordination.ch;;Amt für Umwelt und Energie Basel-Stadt
47.5627002219, 7.592359174;"{""type"": ""Point"", ""coordinates"": [7.592359174000133, 47.562700221876376]}";144;9011;Korkzapfen;Korkzapfen;Korkzapfen von Flaschen;Untere Rebgasse 18;4058;Basel;+41 (0) 61 338 90 90;http://www.korken.ch;;Amt für Umwelt und Energie Basel-Stadt
47.5557238467, 7.60981513945;"{""type"": ""Point"", ""coordinates"": [7.609815139448948, 47.55572384670418]}";145;9010;Korkzapfen;Claro Weltladen Breite;Korkzapfen von Flaschen;Schauenburgerstrasse 3;4052;Basel;+41 (0) 61 312 30 70;http://www.korken.ch;;Amt für Umwelt und Energie Basel-Stadt
47.5520875372, 7.59222229526;"{""type"": ""Point"", ""coordinates"": [7.592222295261873, 47.55208753721041]}";146;9009;Korkzapfen;Vini D'Amato AG;Korkzapfen von Flaschen;Henric Petri-Strasse 12;4051;Basel;+41 (0) 61 271 77 88;http://www.korken.ch;;Amt für Umwelt und Energie Basel-Stadt
47.5519839556, 7.63857395665;"{""type"": ""Point"", ""coordinates"": [7.638573956649782, 47.5519839555944]}";151;9004;Korkzapfen;Waser Entsorgung AG;Diverse Abfälle und Wertstoffe in allen Mengen / Mo-Fr 7:30-11:45 und 13-16:45 (Fr bis 16:30) Sa 9-13;Langenhagstrasse 50;4127;Birsfelden;+41 (0) 61 313 48 24;http://www.waserag.ch;;Amt für Umwelt und Energie Basel-Stadt
47.5368878556, 7.60638663834;"{""type"": ""Point"", ""coordinates"": [7.606386638337812, 47.53688785556124]}";160;11014;Pneus;Centra-Garage AG;Autoreifen mit und ohne Felgen / Kostenpflichtig / keine Rücknahmepflicht;Leimgrubenweg 14;4053;Basel;+41 (0) 61 338 66 11;;;Amt für Umwelt und Energie Basel-Stadt
47.5363426412, 7.60681753883;"{""type"": ""Point"", ""coordinates"": [7.606817538833657, 47.536342641228494]}";161;11013;Pneus;Walter Ammann AG;Autoreifen mit und ohne Felgen / Kostenpflichtig / keine Rücknahmepflicht;Frankfurt-Strasse;4053;Basel;+41 (0) 61 302 48 04;;;Amt für Umwelt und Energie Basel-Stadt
47.5613955068, 7.57381562419;"{""type"": ""Point"", ""coordinates"": [7.573815624191574, 47.561395506797034]}";163;11011;Pneus;Pneuhaus Spalenring-Service F. Gysi;Autoreifen mit und ohne Felgen / Kostenpflichtig / keine Rücknahmepflicht;Spalenring 6;4055;Basel;+41 (0) 61 381 65 75;;;Amt für Umwelt und Energie Basel-Stadt
47.5339940087, 7.60505787863;"{""type"": ""Point"", ""coordinates"": [7.605057878631173, 47.53399400871904]}";168;11006;Pneus;ASAG Auto-Service AG;Autoreifen mit und ohne Felgen / Kostenpflichtig / keine Rücknahmepflicht;Reinacherstrasse 151;4053;Basel;+41 (0) 61 335 11 11;;;Amt für Umwelt und Energie Basel-Stadt
47.5519839556, 7.63857395665;"{""type"": ""Point"", ""coordinates"": [7.638573956649782, 47.5519839555944]}";179;1021;Annahmestelle Sonderabfall;Waser Entsorgung AG;Diverse Abfälle und Wertstoffe in allen Mengen / Mo-Fr 7:30-11:45 und 13-16:45 (Fr bis 16:30) Sa 9-13;Langenhagstrasse 50;4127;Birsfelden;+41 (0) 61 313 48 24;http://www.waserag.ch;;Amt für Umwelt und Energie Basel-Stadt
47.562437018, 7.55117320153;"{""type"": ""Point"", ""coordinates"": [7.551173201534229, 47.56243701800772]}";180;1020;Annahmestelle Sonderabfall;VEOLIA Umweltservice;Diverse Abfälle und Wertstoffe in allen Mengen / Mo-Fr 7-11:45 und 13-16:45, Sa 8-12:30;Kiesstrasse 24-26;4123;Allschwil;+41 (0) 61 487 21 00;http://www.veolia-es.ch/de/;;Amt für Umwelt und Energie Basel-Stadt
47.5819774283, 7.59366972961;"{""type"": ""Point"", ""coordinates"": [7.593669729611621, 47.58197742834408]}";182;1029;Annahmestelle Sonderabfall;Rhein-Apotheke;Jegliche Art Sondeabfall (Medikamente, Batterien, Chemikalien, Farben usw.) / in Haushaltsmengen;Kleinhüningeranlage 10;4057;Basel;+41 (0) 61 631 23 23;www.rhein-apotheke.ch;Mo-Fr: 08:00-12:15 und 14:00-18:30, Sa: 08:00-12:15;Tiefbauamt Basel-Stadt
47.5721571799, 7.56943354208;"{""type"": ""Point"", ""coordinates"": [7.569433542081032, 47.57215717991665]}";183;1007;Annahmestelle Sonderabfall;Tiefbauamt / Stadtreinigung;Jegliche Art Sondeabfall (Medikamente, Batterien, Chemikalien, Farben usw.) / in Haushaltsmengen;Hagenaustrasse 40a;4056;Basel;+41 (0) 61 385 15 15;https://www.iwb.ch/Ueber-uns/Kehrichtverwertung.html;07:00 Uhr bis 12:00 Uhr;Tiefbauamt Basel-Stadt
47.5480364067, 7.61053043751;"{""type"": ""Point"", ""coordinates"": [7.61053043751235, 47.54803640673746]}";188;1009;Annahmestelle Sonderabfall;TopPharm-Apotheke Gellert;Jegliche Art Sondeabfall (Medikamente, Batterien, Chemikalien, Farben usw.) / in Haushaltsmengen;Karl Jaspers-Allee 1;4052;Basel;+41 (0) 61 311 05 55;http://www.apotheke.ch/gellert;Mo-Fr: 08:00-12:15 / 13:30-18:30, Sa: 08:00-12:15;Tiefbauamt Basel-Stadt
47.5567910077, 7.58541336826;"{""type"": ""Point"", ""coordinates"": [7.585413368256876, 47.556791007737196]}";193;1016;Annahmestelle Sonderabfall;TopPharm Apotheke Hersberger;Jegliche Art Sondeabfall (Medikamente, Batterien, Chemikalien, Farben usw.) / in Haushaltsmengen;Spalenberg 41;4051;Basel;+41 (0) 61 261 42 84;http://www.apotheke.ch/hersberger;Mo-Fr: 08:30-18:30, Sa: 09:00-17:00;Tiefbauamt Basel-Stadt
47.5371472208, 7.60268601238;"{""type"": ""Point"", ""coordinates"": [7.602686012377739, 47.53714722084573]}";196;1022;Annahmestelle Sonderabfall;Dreispitz-Apotheke;Jegliche Art Sondeabfall (Medikamente, Batterien, Chemikalien, Farben usw.) / in Haushaltsmengen;Gundeldingerstrasse 488;4053;Basel;+41 (0) 61 331 52 46;https://www.dreispitz-apotheke.ch/;Mo-Fr: 08:00-12:15 / 13:30-18:30, Sa: 08:00-12:15;Tiefbauamt Basel-Stadt
47.5513676168, 7.5615589462;"{""type"": ""Point"", ""coordinates"": [7.561558946198746, 47.55136761675256]}";197;1005;Annahmestelle Sonderabfall;Victoria-Apotheke;Jegliche Art Sondeabfall (Medikamente, Batterien, Chemikalien, Farben usw.) / in Haushaltsmengen;Gotthardstrasse 126;4054;Basel;+41 (0) 61 301 40 53;https://www.victoria-basel.ch/;Mo-Fr: 07:30-12:15 / 13:45-18:30, Sa: 07:30-16:00;Tiefbauamt Basel-Stadt
47.5587752304, 7.58667308388;"{""type"": ""Point"", ""coordinates"": [7.586673083881505, 47.5587752303814]}";199;1015;Annahmestelle Sonderabfall;Drogerie Bielmann AG;Jegliche Art Sondeabfall (Medikamente, Batterien, Chemikalien, Farben usw.) / in Haushaltsmengen;Stadthausgasse 15;4051;Basel;+41 (0) 61 260 20 40;;Mo: 11:30-18:30, Di-Fr: 09:00-18:30, Sa: 08:30-17:00;Tiefbauamt Basel-Stadt
47.5743843114, 7.56873304384;"{""type"": ""Point"", ""coordinates"": [7.568733043842117, 47.574384311430684]}";206;14000;Tierkadaver;Tierkadaversammelstelle;Jegliche Tierkadaver / Öffnungszeiten Mo - Fr von 13 - 16 Uhr Do bis 15 Uhr;Hagenaustrasse 35;4056;Basel;+41 (0) 61 385 32 78;http://www.veterinaeramt-bs.ch;;Amt für Umwelt und Energie Basel-Stadt
47.5499424338, 7.58003601064;"{""type"": ""Point"", ""coordinates"": [7.580036010639585, 47.54994243379714]}";207;16000;Verkauf Vignette Basel;Geiser Eleonore Cigares und Papeterie;Verkauf von Sperrgut- und Grüngutvignetten für Basel;Bachlettenstrasse 20;4054;Basel;+41 (0) 61 281 65 13;http://www.die-kioske.ch/4143/5/626577/basel/eleonore geiser/detail.htm;;Amt für Umwelt und Energie Basel-Stadt
47.5513649847, 7.56159013259;"{""type"": ""Point"", ""coordinates"": [7.561590132592505, 47.551364984709586]}";213;16006;Verkauf Vignette Basel;Victoria-Apotheke;Verkauf von Sperrgut- und Grüngutvignetten für Basel;Gotthardstrasse 126;4054;Basel;+41 (0) 61 301 40 53;;;Amt für Umwelt und Energie Basel-Stadt
47.5611417157, 7.59246352235;"{""type"": ""Point"", ""coordinates"": [7.592463522345633, 47.56114171572547]}";214;16007;Verkauf Vignette Basel;Manor Kundendienst;Verkauf von Sperrgut- und Grüngutvignetten für Basel;Greifengasse 22;4058;Basel;+41 (0) 61 685 46 99;;;Amt für Umwelt und Energie Basel-Stadt
47.5435863896, 7.59207878571;"{""type"": ""Point"", ""coordinates"": [7.592078785713302, 47.54358638962746]}";216;16009;Verkauf Vignette Basel;Gudelitor Aphotheke und Drogerie Wenger GmbH;Verkauf von Sperrgut- und Grüngutvignetten für Basel;Güterstrasse 180;4053;Basel;+41 (0) 61 365 90 80;;;Amt für Umwelt und Energie Basel-Stadt
47.5480371154, 7.61058042699;"{""type"": ""Point"", ""coordinates"": [7.610580426990826, 47.548037115389675]}";217;16010;Verkauf Vignette Basel;TopPharm-Apotheke Gellert;Verkauf von Sperrgut- und Grüngutvignetten für Basel;Karl Jaspers-Allee 1;4052;Basel;+41 (0) 61 311 05 55;;;Amt für Umwelt und Energie Basel-Stadt
47.5472370274, 7.56477147148;"{""type"": ""Point"", ""coordinates"": [7.564771471484406, 47.547237027406325]}";219;16012;Verkauf Vignette Basel;Neubad Apotheke und Drogerie;Verkauf von Sperrgut- und Grüngutvignetten für Basel;Reiterstrasse 50;4054;Basel;+41 (0) 61 301 46 11;;;Amt für Umwelt und Energie Basel-Stadt
47.5602139088, 7.58676728943;"{""type"": ""Point"", ""coordinates"": [7.586767289434406, 47.56021390876637]}";221;16014;Verkauf Vignette Basel;Kundenzentrum Spiegelhof des JSD;Verkauf von Sperrgut- und Grüngutvignetten für Basel;Spegelgasse 6;4001;Basel;+41 (0) 61 267 71 71;;;Amt für Umwelt und Energie Basel-Stadt
47.5773515385, 7.59044439534;"{""type"": ""Point"", ""coordinates"": [7.590444395335809, 47.577351538526386]}";226;16019;Verkauf Vignette Basel;Migros Partner Inselstrasse GmbH;Verkauf von Sperrgut- und Grüngutvignetten für Basel;Inselstrasse 63;4057;Basel;+41 (0) 61 638 20 30;;;Amt für Umwelt und Energie Basel-Stadt
47.5691088624, 7.57969056808;"{""type"": ""Point"", ""coordinates"": [7.579690568084706, 47.56910886239303]}";232;16025;Verkauf Vignette Basel;Coop ELSÄSSERSTRASSE;Verkauf von Sperrgut- und Grüngutvignetten für Basel;Elsässerstrasse 36;4056;Basel;+41 (0) 61 327 30 80;;;Amt für Umwelt und Energie Basel-Stadt
47.5465717026, 7.56511426359;"{""type"": ""Point"", ""coordinates"": [7.565114263587724, 47.54657170262674]}";239;16032;Verkauf Vignette Basel;Coop NEUWEILERPLATZ;Verkauf von Sperrgut- und Grüngutvignetten für Basel;Holeestrasse 159;4054;Basel;+41 (0) 61 305 90 40;;;Amt für Umwelt und Energie Basel-Stadt
47.576942222, 7.590883313;"{""type"": ""Point"", ""coordinates"": [7.590883312995776, 47.576942222001136]}";243;16036;Verkauf Vignette Basel;Coop WIESENPLATZ;Verkauf von Sperrgut- und Grüngutvignetten für Basel;Inselstrasse 76;4057;Basel;+41 (0) 61 638 81 00;;;Amt für Umwelt und Energie Basel-Stadt
47.5512041538, 7.59443697713;"{""type"": ""Point"", ""coordinates"": [7.594436977125087, 47.551204153791424]}";245;16038;Verkauf Vignette Basel;K Kiosk COLMARER;Verkauf von Sperrgut- und Grüngutvignetten für Basel;Aeschengraben 3;4051;Basel;+41 (0) 61 272 69 29;;;Amt für Umwelt und Energie Basel-Stadt
47.5475897044, 7.55347537215;"{""type"": ""Point"", ""coordinates"": [7.55347537214912, 47.54758970435747]}";258;16051;Verkauf Vignette Basel;Migros BASEL PARADIES;Verkauf von Sperrgut- und Grüngutvignetten für Basel;Spitzwaldstrasse 215;4123;Allschwil;+41 (0) 58 575 70 00;;;Amt für Umwelt und Energie Basel-Stadt
47.555974542, 7.58129524958;"{""type"": ""Point"", ""coordinates"": [7.58129524958332, 47.55597454203921]}";259;16052;Verkauf Vignette Basel;Migros BASEL SCHÜTZENMATT;Verkauf von Sperrgut- und Grüngutvignetten für Basel;Schützenmattstrasse 27;4051;Basel;+41 (0) 58 575 86 20;;;Amt für Umwelt und Energie Basel-Stadt
47.5589571438, 7.58781805539;"{""type"": ""Point"", ""coordinates"": [7.587818055386223, 47.5589571438012]}";263;16056;Verkauf Vignette Basel;K Kiosk GLOBUS;Verkauf von Sperrgut- und Grüngutvignetten für Basel;Eisengasse;4051;Basel;;;;Amt für Umwelt und Energie Basel-Stadt
47.5687517109, 7.56953871011;"{""type"": ""Point"", ""coordinates"": [7.569538710109332, 47.56875171094772]}";264;16057;Verkauf Vignette Basel;Denner Satelit;Verkauf von Sperrgut- und Grüngutvignetten für Basel.;Flughafenstrasse 65;4056;Basel;;;;Amt für Umwelt und Energie Basel-Stadt
47.5557185664, 7.57473024817;"{""type"": ""Point"", ""coordinates"": [7.5747302481669, 47.55571856636332]}";265;16058;Verkauf Vignette Basel;Rosen Apotheke;Verkauf von Sperrgut- und Grüngutvignetten für Basel.;Allschwilerstrasse 9;4054;Basel;+41 (0) 61 302 53 53;;;Amt für Umwelt und Energie Basel-Stadt
47.5515536121, 7.59305416487;"{""type"": ""Point"", ""coordinates"": [7.59305416486944, 47.55155361206136]}";266;16059;Verkauf Vignette Basel;Migros Kirschgarten;Verkauf von Sperrgut- und Grüngutvignetten für Basel.;Henric Petri-Strasse 22;4051;Basel;+41 61 205 32 00;;;Amt für Umwelt und Energie Basel-Stadt
47.5843289372, 7.65150591645;"{""type"": ""Point"", ""coordinates"": [7.651505916452344, 47.58432893723585]}";267;17008;Verkauf Vignette Riehen und Bettingen;Gemeindeverwaltung Riehen;Verkauf von Kehricht-, Container- und Speergutmarken für Riehen und Bettingen;Wettsteinstrasse 1;4125;Riehen;+41 (0) 61 646 81 11;http://www.riehen.ch/;Mo-Fr 08:00 - 12:00 Uhr und 14:00 - 16:30 Uhr oder nach telefonischer Vereinbarung;Gemeinde Riehen
47.5938710032, 7.65502410795;"{""type"": ""Point"", ""coordinates"": [7.655024107950146, 47.59387100323768]}";274;17002;Verkauf Vignette Riehen und Bettingen;Coop, Filiale Lörracher;Verkauf von Kehricht-, Container- und Speergutmarken für Riehen und Bettingen;Lörracherstrasse 146;4125;Riehen;;http://www.coop.ch/de.html;;Gemeinde Riehen
47.5709339295, 7.66472570255;"{""type"": ""Point"", ""coordinates"": [7.664725702545684, 47.57093392946469]}";280;17009;Verkauf Vignette Riehen und Bettingen;Dorflaade Bettingen, Hr. Ponnuthurai;Verkauf von Kehricht-, Container- und Speergutmarken für Riehen und Bettingen;Hauptstrasse 85;4126;Bettingen;+41 (0) 61 601 40 46;;;Gemeinde Riehen
47.5831850364, 7.65174998617;"{""type"": ""Point"", ""coordinates"": [7.651749986169243, 47.583185036411706]}";281;17000;Verkauf Vignette Riehen und Bettingen;Die Post, Filiale 4125 Riehen 1;Verkauf von Kehricht-, Container- und Speergutmarken für Riehen und Bettingen;Bahnhofstrasse 25;4125;Riehen;;https://places.post.ch/poi/Filiale-4125-Riehen-1/Bahnhofstrasse-25/4125/Riehen/001PST 001107427/de;;Gemeinde Riehen
